Stock_Item_Key,WWI_Stock_Item_ID,Stock_Item,Color,Selling_Package,Buying_Package,Brand,Size,Lead_Time_Days,Quantity_Per_Outer,Is_Chiller_Stock,Unit_Price,Tax_Rate,Recommended_Retail_Price,unit_Price_with_tax,Profit,Typical_Weight_Per_Unit,Valid_From,Valid_To,
1,219,Void fill 400 L bag (White) 400L,Unknown,Each,Each,Undefined,400L,14,10,0,50,14,74.75,57,17.75,1,00:00.0,00:00.0,
2,218,Void fill 300 L bag (White) 300L,Unknown,Each,Each,Undefined,300L,14,10,0,37.5,14,56.06,42.75,13.31,0.75,00:00.0,00:00.0,
3,217,Void fill 200 L bag (White) 200L,Unknown,Each,Each,Undefined,200L,14,10,0,25,14,37.38,28.5,8.88,0.5,00:00.0,00:00.0,
4,216,Void fill 100 L bag (White) 100L,Unknown,Each,Each,Undefined,100L,14,10,0,12.5,14,18.69,14.25,4.44,0.25,00:00.0,00:00.0,
5,215,Air cushion machine (Blue),Unknown,Each,Each,Undefined,Undefined,20,1,0,1899,20,2839.01,2278.8,560.21,10,00:00.0,00:00.0,
6,214,Air cushion film 200mmx200mm 325m,Unknown,Each,Each,Undefined,325m,14,1,0,90,14,134.55,102.6,31.95,6,00:00.0,00:00.0,
7,213,Air cushion film 200mmx100mm 325m,Unknown,Each,Each,Undefined,325m,14,1,0,87,14,130.07,99.18,30.89,5,00:00.0,00:00.0,
8,212,Large replacement blades 18mm,Unknown,Each,Each,Undefined,18mm,14,10,0,4.300000191,14,6.43,4.902000217,1.527999783,0.800000012,00:00.0,00:00.0,
9,211,Small 9mm replacement blades 9mm,Unknown,Each,Each,Undefined,9mm,14,10,0,4.099999905,14,6.13,4.673999891,1.456000109,0.699999988,00:00.0,00:00.0,
10,210,Packing knife with metal insert blade (Yellow) 18mm,Unknown,Each,Each,Undefined,18mm,14,5,0,2.400000095,14,3.59,2.736000109,0.853999891,0.5,00:00.0,00:00.0,
11,209,Packing knife with metal insert blade (Yellow) 9mm,Unknown,Each,Each,Undefined,9mm,14,5,0,1.889999986,14,2.83,2.154599984,0.675400016,0.5,00:00.0,00:00.0,
12,208,Permanent marker red 5mm nib (Red) 5mm,Unknown,Each,Each,Undefined,5mm,14,12,0,2.700000048,14,4.04,3.078000054,0.961999946,0.100000001,00:00.0,00:00.0,
13,207,Permanent marker blue 5mm nib (Blue) 5mm,Unknown,Each,Each,Undefined,5mm,14,12,0,2.700000048,14,4.04,3.078000054,0.961999946,0.100000001,00:00.0,00:00.0,
14,206,Permanent marker black 5mm nib (Black) 5mm,Unknown,Each,Each,Undefined,5mm,14,12,0,2.700000048,14,4.04,3.078000054,0.961999946,0.100000001,00:00.0,00:00.0,
15,205,Tape dispenser (Blue),Unknown,Each,Each,Undefined,Undefined,20,10,0,32,20,47.84,38.4,9.44,1,00:00.0,00:00.0,
16,204,Tape dispenser (Red),Unknown,Each,Each,Undefined,Undefined,20,10,0,32,20,47.84,38.4,9.44,1,00:00.0,00:00.0,
17,203,Tape dispenser (Black),Unknown,Each,Each,Undefined,Undefined,20,10,0,32,20,47.84,38.4,9.44,1,00:00.0,00:00.0,
18,202,Red and white urgent heavy despatch tape 48mmx100m,Unknown,Each,Each,Undefined,48mmx100m,14,24,0,4.099999905,14,6.13,4.673999891,1.456000109,0.699999988,00:00.0,00:00.0,
19,201,Red and white urgent despatch tape 48mmx75m,Unknown,Each,Each,Undefined,48mmx75m,14,24,0,3.700000048,14,5.53,4.218000054,1.311999946,0.5,00:00.0,00:00.0,
20,200,Black and yellow heavy despatch tape 48mmx100m,Unknown,Each,Each,Undefined,48mmx100m,14,24,0,4.099999905,14,6.13,4.673999891,1.456000109,0.699999988,00:00.0,00:00.0,
21,199,Black and yellow heavy despatch tape 48mmx75m,Unknown,Each,Each,Undefined,48mmx75m,14,24,0,3.700000048,14,5.53,4.218000054,1.311999946,0.5,00:00.0,00:00.0,
22,198,Black and orange this way up despatch tape 48mmx100m,Unknown,Each,Each,Undefined,48mmx100m,14,24,0,4.099999905,14,6.13,4.673999891,1.456000109,0.699999988,00:00.0,00:00.0,
23,197,Black and orange this way up despatch tape 48mmx75m,Unknown,Each,Each,Undefined,48mmx75m,14,24,0,3.700000048,14,5.53,4.218000054,1.311999946,0.5,00:00.0,00:00.0,
24,196,Black and orange handle with care despatch tape 48mmx100m,Unknown,Each,Each,Undefined,48mmx100m,14,24,0,4.099999905,14,6.13,4.673999891,1.456000109,0.699999988,00:00.0,00:00.0,
25,195,Black and orange handle with care despatch tape 48mmx75m,Unknown,Each,Each,Undefined,48mmx75m,14,24,0,3.700000048,14,5.53,4.218000054,1.311999946,0.5,00:00.0,00:00.0,
26,194,Black and orange glass with care despatch tape 48mmx100m,Unknown,Each,Each,Undefined,48mmx100m,14,24,0,4.099999905,14,6.13,4.673999891,1.456000109,0.699999988,00:00.0,00:00.0,
27,193,Black and orange glass with care despatch tape 48mmx75m,Unknown,Each,Each,Undefined,48mmx75m,14,24,0,3.700000048,14,5.53,4.218000054,1.311999946,0.5,00:00.0,00:00.0,
28,192,Black and orange fragile despatch tape 48mmx100m,Unknown,Each,Each,Undefined,48mmx100m,14,36,0,4.099999905,14,6.13,4.673999891,1.456000109,0.699999988,00:00.0,00:00.0,
29,191,Black and orange fragile despatch tape 48mmx75m,Unknown,Each,Each,Undefined,48mmx75m,14,36,0,3.700000048,14,5.53,4.218000054,1.311999946,0.5,00:00.0,00:00.0,
30,190,Clear packaging tape 48mmx100m,Unknown,Each,Each,Undefined,48mmx100m,14,20,0,3.5,14,5.23,3.99,1.24,0.699999988,00:00.0,00:00.0,
31,189,Clear packaging tape 48mmx75m,Unknown,Each,Each,Undefined,48mmx75m,14,26,0,2.900000095,14,4.34,3.306000109,1.033999891,0.5,00:00.0,00:00.0,
32,188,3 kg Courier post bag (White) 300x190x95mm,Unknown,Each,Each,Undefined,300x190x95mm,14,25,0,0.660000026,14,0.99,0.75240003,0.23759997,0.100000001,00:00.0,00:00.0,
33,187,Express post box 5kg (White) 350x280x130mm,Unknown,Each,Each,Undefined,350x280x130mm,14,25,0,0.949999988,14,1.42,1.082999986,0.337000014,0.200000003,00:00.0,00:00.0,
34,186,Shipping carton (Brown) 457x457x457mm,Unknown,Each,Each,Undefined,457x457x457mm,14,25,0,2.099999905,14,3.14,2.393999891,0.746000109,0.400000006,00:00.0,00:00.0,
35,185,Shipping carton (Brown) 356x356x279mm,Unknown,Each,Each,Undefined,356x356x279mm,14,25,0,2.039999962,14,3.05,2.325599957,0.724400043,0.300000012,00:00.0,00:00.0,
36,184,Shipping carton (Brown) 305x305x305mm,Unknown,Each,Each,Undefined,305x305x305mm,14,25,0,3.5,14,5.23,3.99,1.24,0.300000012,00:00.0,00:00.0,
37,183,Shipping carton (Brown) 480x270x320mm,Unknown,Each,Each,Undefined,480x270x320mm,14,25,0,2.74000001,14,4.1,3.123600011,0.976399989,0.400000006,00:00.0,00:00.0,
38,182,Shipping carton (Brown) 457x279x279mm,Unknown,Each,Each,Undefined,457x279x279mm,14,25,0,1.279999971,14,1.91,1.459199967,0.450800033,0.400000006,00:00.0,00:00.0,
39,181,Shipping carton (Brown) 356x229x229mm,Unknown,Each,Each,Undefined,356x229x229mm,14,25,0,1.139999986,14,1.7,1.299599984,0.400400016,0.400000006,00:00.0,00:00.0,
40,180,Shipping carton (Brown) 279x254x217mm,Unknown,Each,Each,Undefined,279x254x217mm,14,25,0,1.110000014,14,1.66,1.265400016,0.394599984,0.300000012,00:00.0,00:00.0,
41,179,Shipping carton (Brown) 229x229x229mm,Unknown,Each,Each,Undefined,229x229x229mm,14,25,0,1.049999952,14,1.57,1.196999946,0.373000054,0.300000012,00:00.0,00:00.0,
42,178,Shipping carton (Brown) 500x310x310mm,Unknown,Each,Each,Undefined,500x310x310mm,14,25,0,2.549999952,14,3.81,2.906999946,0.903000054,0.400000006,00:00.0,00:00.0,
43,177,Shipping carton (Brown) 413x285x187mm,Unknown,Each,Each,Undefined,413x285x187mm,14,25,0,1.049999952,14,1.57,1.196999946,0.373000054,0.300000012,00:00.0,00:00.0,
44,176,Bubblewrap dispenser (Red) 1.5m,Red,Each,Each,Undefined,1.5m,14,1,0,240,14,358.8,273.6,85.2,10,00:00.0,00:00.0,
45,175,Bubblewrap dispenser (Blue) 1.5m,Blue,Each,Each,Undefined,1.5m,14,1,0,240,14,358.8,273.6,85.2,10,00:00.0,00:00.0,
46,174,Bubblewrap dispenser (Black) 1.5m,Black,Each,Each,Undefined,1.5m,14,1,0,240,14,358.8,273.6,85.2,10,00:00.0,00:00.0,
47,173,32 mm Anti static bubble wrap (Blue) 50m,Blue,Each,Each,Undefined,50m,14,10,0,105,14,156.98,119.7,37.28,10,00:00.0,00:00.0,
48,172,32 mm Anti static bubble wrap (Blue) 20m,Blue,Each,Each,Undefined,20m,14,10,0,48,14,71.76,54.72,17.04,6,00:00.0,00:00.0,
49,171,32 mm Anti static bubble wrap (Blue) 10m,Blue,Each,Each,Undefined,10m,14,10,0,32,14,47.84,36.48,11.36,5,00:00.0,00:00.0,
50,170,20 mm Anti static bubble wrap (Blue) 50m,Blue,Each,Each,Undefined,50m,14,10,0,102,14,152.49,116.28,36.21,10,00:00.0,00:00.0,
51,169,20 mm Anti static bubble wrap (Blue) 20m,Blue,Each,Each,Undefined,20m,14,10,0,45,14,67.28,51.3,15.98,6,00:00.0,00:00.0,
52,168,20 mm Anti static bubble wrap (Blue) 10m,Blue,Each,Each,Undefined,10m,14,10,0,29,14,43.36,33.06,10.3,5,00:00.0,00:00.0,
53,167,10 mm Anti static bubble wrap (Blue) 50m,Blue,Each,Each,Undefined,50m,14,10,0,99,14,148.01,112.86,35.15,10,00:00.0,00:00.0,
54,166,10 mm Anti static bubble wrap (Blue) 20m,Blue,Each,Each,Undefined,20m,14,10,0,42,14,62.79,47.88,14.91,6,00:00.0,00:00.0,
55,165,10 mm Anti static bubble wrap (Blue) 10m,Blue,Each,Each,Undefined,10m,14,10,0,26,14,38.87,29.64,9.23,5,00:00.0,00:00.0,
56,164,32 mm Double sided bubble wrap 50m,Unknown,Each,Each,Undefined,50m,14,10,0,112,14,167.44,127.68,39.76,10,00:00.0,00:00.0,
57,163,32 mm Double sided bubble wrap 20m,Unknown,Each,Each,Undefined,20m,14,10,0,37,14,55.32,42.18,13.14,6,00:00.0,00:00.0,
58,162,32 mm Double sided bubble wrap 10m,Unknown,Each,Each,Undefined,10m,14,10,0,22,14,32.89,25.08,7.81,5,00:00.0,00:00.0,
59,161,20 mm Double sided bubble wrap 50m,Unknown,Each,Each,Undefined,50m,14,10,0,108,14,161.46,123.12,38.34,10,00:00.0,00:00.0,
60,160,20 mm Double sided bubble wrap 20m,Unknown,Each,Each,Undefined,20m,14,10,0,33,14,49.34,37.62,11.72,6,00:00.0,00:00.0,
61,159,20 mm Double sided bubble wrap 10m,Unknown,Each,Each,Undefined,10m,14,10,0,18,14,26.91,20.52,6.39,5,00:00.0,00:00.0,
62,158,10 mm Double sided bubble wrap 50m,Unknown,Each,Each,Undefined,50m,14,10,0,105,14,156.98,119.7,37.28,10,00:00.0,00:00.0,
63,157,10 mm Double sided bubble wrap 20m,Unknown,Each,Each,Undefined,20m,14,10,0,30,14,44.85,34.2,10.65,6,00:00.0,00:00.0,
64,156,10 mm Double sided bubble wrap 10m,Unknown,Each,Each,Undefined,10m,14,10,0,15,14,22.43,17.1,5.33,5,00:00.0,00:00.0,
65,155,Large sized bubblewrap roll 50m,Unknown,Each,Each,Undefined,50m,14,10,0,24,14,35.88,27.36,8.52,10,00:00.0,00:00.0,
66,154,Medium sized bubblewrap roll 20m,Unknown,Each,Each,Undefined,20m,14,10,0,20,14,29.9,22.8,7.1,6,00:00.0,00:00.0,
67,153,Small sized bubblewrap roll 10m,Unknown,Each,Each,Undefined,10m,14,10,0,4.5,14,6.73,5.13,1.6,5,00:00.0,00:00.0,
68,152,Pack of 12 action figures (female),Unknown,Packet,Packet,Undefined,Undefined,2,1,0,16,2,23.92,16.32,7.6,0.25,00:00.0,00:00.0,
69,151,Pack of 12 action figures (male),Unknown,Packet,Packet,Undefined,Undefined,2,1,0,16,2,23.92,16.32,7.6,0.25,00:00.0,00:00.0,
70,150,Pack of 12 action figures (variety),Unknown,Packet,Packet,Undefined,Undefined,2,1,0,16,2,23.92,16.32,7.6,0.25,00:00.0,00:00.0,
71,149,Halloween skull mask (Gray) XL,Gray,Each,Carton,Undefined,XL,12,12,0,18,12,26.91,20.16,6.75,0.300000012,00:00.0,00:00.0,
72,148,Halloween skull mask (Gray) L,Gray,Each,Carton,Undefined,L,12,12,0,18,12,26.91,20.16,6.75,0.300000012,00:00.0,00:00.0,
73,147,Halloween skull mask (Gray) M,Gray,Each,Carton,Undefined,M,12,12,0,18,12,26.91,20.16,6.75,0.300000012,00:00.0,00:00.0,
74,146,Halloween skull mask (Gray) S,Gray,Each,Carton,Undefined,S,12,12,0,18,12,26.91,20.16,6.75,0.300000012,00:00.0,00:00.0,
75,145,Halloween zombie mask (Light Brown) XL,Light Brown,Each,Carton,Undefined,XL,12,12,0,18,12,26.91,20.16,6.75,0.300000012,00:00.0,00:00.0,
76,144,Halloween zombie mask (Light Brown) L,Light Brown,Each,Carton,Undefined,L,12,12,0,18,12,26.91,20.16,6.75,0.300000012,00:00.0,00:00.0,
77,143,Halloween zombie mask (Light Brown) M,Light Brown,Each,Carton,Undefined,M,12,12,0,18,12,26.91,20.16,6.75,0.300000012,00:00.0,00:00.0,
78,142,Halloween zombie mask (Light Brown) S,Light Brown,Each,Carton,Undefined,S,12,12,0,18,12,26.91,20.16,6.75,0.300000012,00:00.0,00:00.0,
79,141,Furry animal socks (Pink) XL,Unknown,Pair,Packet,Undefined,XL,12,12,0,5,12,7.48,5.6,1.88,0.100000001,00:00.0,00:00.0,
80,140,Furry animal socks (Pink) L,Unknown,Pair,Packet,Undefined,L,12,12,0,5,12,7.48,5.6,1.88,0.100000001,00:00.0,00:00.0,
81,139,Furry animal socks (Pink) M,Unknown,Pair,Packet,Undefined,M,12,12,0,5,12,7.48,5.6,1.88,0.100000001,00:00.0,00:00.0,
82,138,Furry animal socks (Pink) S,Unknown,Pair,Packet,Undefined,S,12,12,0,5,12,7.48,5.6,1.88,0.100000001,00:00.0,00:00.0,
83,137,Animal with big feet slippers (Brown) XL,Unknown,Each,Each,Undefined,XL,12,1,0,32,12,47.84,35.84,12,0.400000006,00:00.0,00:00.0,
84,136,Animal with big feet slippers (Brown) L,Unknown,Each,Each,Undefined,L,12,1,0,32,12,47.84,35.84,12,0.349999994,00:00.0,00:00.0,
85,135,Animal with big feet slippers (Brown) M,Unknown,Each,Each,Undefined,M,12,1,0,32,12,47.84,35.84,12,0.349999994,00:00.0,00:00.0,
86,134,Animal with big feet slippers (Brown) S,Unknown,Each,Each,Undefined,S,12,1,0,32,12,47.84,35.84,12,0.349999994,00:00.0,00:00.0,
87,133,Furry gorilla with big eyes slippers (Black) XL,Black,Each,Each,Undefined,XL,12,1,0,32,12,47.84,35.84,12,0.400000006,00:00.0,00:00.0,
88,132,Furry gorilla with big eyes slippers (Black) L,Black,Each,Each,Undefined,L,12,1,0,32,12,47.84,35.84,12,0.349999994,00:00.0,00:00.0,
89,131,Furry gorilla with big eyes slippers (Black) M,Black,Each,Each,Undefined,M,12,1,0,32,12,47.84,35.84,12,0.349999994,00:00.0,00:00.0,
90,130,Furry gorilla with big eyes slippers (Black) S,Black,Each,Each,Undefined,S,12,1,0,32,12,47.84,35.84,12,0.349999994,00:00.0,00:00.0,
91,129,Plush shark slippers (Gray) XL,Gray,Each,Each,Undefined,XL,12,1,0,32,12,47.84,35.84,12,0.400000006,00:00.0,00:00.0,
92,128,Plush shark slippers (Gray) L,Gray,Each,Each,Undefined,L,12,1,0,32,12,47.84,35.84,12,0.349999994,00:00.0,00:00.0,
93,127,Plush shark slippers (Gray) M,Gray,Each,Each,Undefined,M,12,1,0,32,12,47.84,35.84,12,0.349999994,00:00.0,00:00.0,
94,126,Plush shark slippers (Gray) S,Gray,Each,Each,Undefined,S,12,1,0,32,12,47.84,35.84,12,0.349999994,00:00.0,00:00.0,
95,125,Ogre battery-powered slippers (Green) XL,Unknown,Each,Each,Undefined,XL,12,1,0,32,12,47.84,35.84,12,0.400000006,00:00.0,00:00.0,
96,124,Ogre battery-powered slippers (Green) L,Unknown,Each,Each,Undefined,L,12,1,0,32,12,47.84,35.84,12,0.349999994,00:00.0,00:00.0,
97,123,Ogre battery-powered slippers (Green) M,Unknown,Each,Each,Undefined,M,12,1,0,32,12,47.84,35.84,12,0.349999994,00:00.0,00:00.0,
98,122,Ogre battery-powered slippers (Green) S,Unknown,Each,Each,Undefined,S,12,1,0,32,12,47.84,35.84,12,0.349999994,00:00.0,00:00.0,
99,121,Dinosaur battery-powered slippers (Green) XL,Unknown,Each,Each,Undefined,XL,12,1,0,32,12,47.84,35.84,12,0.400000006,00:00.0,00:00.0,
100,120,Dinosaur battery-powered slippers (Green) L,Unknown,Each,Each,Undefined,L,12,1,0,32,12,47.84,35.84,12,0.349999994,00:00.0,00:00.0,
101,119,Dinosaur battery-powered slippers (Green) M,Unknown,Each,Each,Undefined,M,12,1,0,32,12,47.84,35.84,12,0.349999994,00:00.0,00:00.0,
102,118,Dinosaur battery-powered slippers (Green) S,Unknown,Each,Each,Undefined,S,12,1,0,32,12,47.84,35.84,12,0.349999994,00:00.0,00:00.0,
103,117,Superhero action jacket (Blue) 5XL,Blue,Each,Each,Undefined,5XL,12,1,0,34,12,50.83,38.08,12.75,0.400000006,00:00.0,00:00.0,
104,116,Superhero action jacket (Blue) 4XL,Blue,Each,Each,Undefined,4XL,12,1,0,34,12,50.83,38.08,12.75,0.400000006,00:00.0,00:00.0,
105,115,Superhero action jacket (Blue) 3XL,Blue,Each,Each,Undefined,3XL,12,1,0,34,12,50.83,38.08,12.75,0.400000006,00:00.0,00:00.0,
106,114,Superhero action jacket (Blue) XXL,Blue,Each,Each,Undefined,XXL,12,1,0,30,12,44.85,33.6,11.25,0.349999994,00:00.0,00:00.0,
107,113,Superhero action jacket (Blue) XL,Blue,Each,Each,Undefined,XL,12,1,0,30,12,44.85,33.6,11.25,0.349999994,00:00.0,00:00.0,
108,112,Superhero action jacket (Blue) L,Blue,Each,Each,Undefined,L,12,1,0,30,12,44.85,33.6,11.25,0.349999994,00:00.0,00:00.0,
109,111,Superhero action jacket (Blue) M,Blue,Each,Each,Undefined,M,12,1,0,30,12,44.85,33.6,11.25,0.349999994,00:00.0,00:00.0,
110,110,Superhero action jacket (Blue) S,Blue,Each,Each,Undefined,S,12,1,0,25,12,37.38,28,9.38,0.300000012,00:00.0,00:00.0,
111,109,Superhero action jacket (Blue) XS,Blue,Each,Each,Undefined,XS,12,1,0,25,12,37.38,28,9.38,0.300000012,00:00.0,00:00.0,
112,108,Superhero action jacket (Blue) XXS,Blue,Each,Each,Undefined,XXS,12,1,0,25,12,37.38,28,9.38,0.300000012,00:00.0,00:00.0,
113,107,Superhero action jacket (Blue) 3XS,Blue,Each,Each,Undefined,3XS,12,1,0,25,12,37.38,28,9.38,0.300000012,00:00.0,00:00.0,
114,106,Alien officer hoodie (Black) 5XL,Black,Each,Each,Undefined,5XL,12,1,0,35,12,52.33,39.2,13.13,0.400000006,00:00.0,00:00.0,
115,105,Alien officer hoodie (Black) 4XL,Black,Each,Each,Undefined,4XL,12,1,0,35,12,52.33,39.2,13.13,0.400000006,00:00.0,00:00.0,
116,104,Alien officer hoodie (Black) 3XL,Black,Each,Each,Undefined,3XL,12,1,0,35,12,52.33,39.2,13.13,0.400000006,00:00.0,00:00.0,
117,103,Alien officer hoodie (Black) XXL,Black,Each,Each,Undefined,XXL,12,1,0,35,12,52.33,39.2,13.13,0.400000006,00:00.0,00:00.0,
118,102,Alien officer hoodie (Black) XL,Black,Each,Each,Undefined,XL,12,1,0,35,12,52.33,39.2,13.13,0.400000006,00:00.0,00:00.0,
119,101,The Gu red shirt XML tag t-shirt (Black) 7XL,Black,Each,Carton,Undefined,7XL,7,12,0,18,7,26.91,19.26,7.65,0.449999988,00:00.0,00:00.0,
120,100,The Gu red shirt XML tag t-shirt (Black) 6XL,Black,Each,Carton,Undefined,6XL,7,12,0,18,7,26.91,19.26,7.65,0.400000006,00:00.0,00:00.0,
121,99,The Gu red shirt XML tag t-shirt (Black) 5XL,Black,Each,Carton,Undefined,5XL,7,12,0,18,7,26.91,19.26,7.65,0.400000006,00:00.0,00:00.0,
122,98,The Gu red shirt XML tag t-shirt (Black) 4XL,Black,Each,Carton,Undefined,4XL,7,12,0,18,7,26.91,19.26,7.65,0.400000006,00:00.0,00:00.0,
123,97,The Gu red shirt XML tag t-shirt (Black) 3XL,Black,Each,Carton,Undefined,3XL,7,12,0,18,7,26.91,19.26,7.65,0.400000006,00:00.0,00:00.0,
124,96,The Gu red shirt XML tag t-shirt (Black) XXL,Black,Each,Carton,Undefined,XXL,7,12,0,18,7,26.91,19.26,7.65,0.400000006,00:00.0,00:00.0,
125,95,The Gu red shirt XML tag t-shirt (Black) XL,Black,Each,Carton,Undefined,XL,7,12,0,18,7,26.91,19.26,7.65,0.349999994,00:00.0,00:00.0,
126,94,The Gu red shirt XML tag t-shirt (Black) L,Black,Each,Carton,Undefined,L,7,12,0,18,7,26.91,19.26,7.65,0.349999994,00:00.0,00:00.0,
127,93,The Gu red shirt XML tag t-shirt (Black) M,Black,Each,Carton,Undefined,M,7,12,0,18,7,26.91,19.26,7.65,0.349999994,00:00.0,00:00.0,
128,92,The Gu red shirt XML tag t-shirt (Black) S,Black,Each,Carton,Undefined,S,7,12,0,18,7,26.91,19.26,7.65,0.300000012,00:00.0,00:00.0,
129,91,The Gu red shirt XML tag t-shirt (Black) XS,Black,Each,Carton,Undefined,XS,7,12,0,18,7,26.91,19.26,7.65,0.25,00:00.0,00:00.0,
130,90,The Gu red shirt XML tag t-shirt (Black) XXS,Black,Each,Carton,Undefined,XXS,7,12,0,18,7,26.91,19.26,7.65,0.25,00:00.0,00:00.0,
131,89,The Gu red shirt XML tag t-shirt (Black) 3XS,Black,Each,Carton,Undefined,3XS,7,12,0,18,7,26.91,19.26,7.65,0.25,00:00.0,00:00.0,
132,88,The Gu red shirt XML tag t-shirt (White) 7XL,White,Each,Carton,Undefined,7XL,7,12,0,18,7,26.91,19.26,7.65,0.449999988,00:00.0,00:00.0,
133,87,The Gu red shirt XML tag t-shirt (White) 6XL,White,Each,Carton,Undefined,6XL,7,12,0,18,7,26.91,19.26,7.65,0.400000006,00:00.0,00:00.0,
134,86,The Gu red shirt XML tag t-shirt (White) 5XL,White,Each,Carton,Undefined,5XL,7,12,0,18,7,26.91,19.26,7.65,0.400000006,00:00.0,00:00.0,
135,85,The Gu red shirt XML tag t-shirt (White) 4XL,White,Each,Carton,Undefined,4XL,7,12,0,18,7,26.91,19.26,7.65,0.400000006,00:00.0,00:00.0,
136,84,The Gu red shirt XML tag t-shirt (White) 3XL,White,Each,Carton,Undefined,3XL,7,12,0,18,7,26.91,19.26,7.65,0.400000006,00:00.0,00:00.0,
137,83,The Gu red shirt XML tag t-shirt (White) XXL,White,Each,Carton,Undefined,XXL,7,12,0,18,7,26.91,19.26,7.65,0.400000006,00:00.0,00:00.0,
138,82,The Gu red shirt XML tag t-shirt (White) XL,White,Each,Carton,Undefined,XL,7,12,0,18,7,26.91,19.26,7.65,0.349999994,00:00.0,00:00.0,
139,81,The Gu red shirt XML tag t-shirt (White) L,White,Each,Carton,Undefined,L,7,12,0,18,7,26.91,19.26,7.65,0.349999994,00:00.0,00:00.0,
140,80,The Gu red shirt XML tag t-shirt (White) M,White,Each,Carton,Undefined,M,7,12,0,18,7,26.91,19.26,7.65,0.349999994,00:00.0,00:00.0,
141,79,The Gu red shirt XML tag t-shirt (White) S,White,Each,Carton,Undefined,S,7,12,0,18,7,26.91,19.26,7.65,0.300000012,00:00.0,00:00.0,
142,78,The Gu red shirt XML tag t-shirt (White) XS,White,Each,Carton,Undefined,XS,7,12,0,18,7,26.91,19.26,7.65,0.25,00:00.0,00:00.0,
143,77,The Gu red shirt XML tag t-shirt (White) XXS,White,Each,Carton,Undefined,XXS,7,12,0,18,7,26.91,19.26,7.65,0.25,00:00.0,00:00.0,
144,76,The Gu red shirt XML tag t-shirt (White) 3XS,White,Each,Carton,Undefined,3XS,7,12,0,18,7,26.91,19.26,7.65,0.25,00:00.0,00:00.0,
145,75,Ride on big wheel monster truck (Black) 1/12 scale,Black,Each,Each,Northwind,1/12 scale,14,1,0,345,14,515.78,393.3,122.48,21,00:00.0,00:00.0,
146,74,Ride on vintage American toy coupe (Black) 1/12 scale,Black,Each,Each,Northwind,1/12 scale,14,1,0,285,14,426.08,324.9,101.18,18,00:00.0,00:00.0,
147,73,Ride on vintage American toy coupe (Red) 1/12 scale,Red,Each,Each,Northwind,1/12 scale,14,1,0,285,14,426.08,324.9,101.18,18,00:00.0,00:00.0,
148,72,Ride on toy sedan car (Pink) 1/12 scale,Unknown,Each,Each,Northwind,1/12 scale,14,1,0,230,14,343.85,262.2,81.65,15,00:00.0,00:00.0,
149,71,Ride on toy sedan car (Yellow) 1/12 scale,Yellow,Each,Each,Northwind,1/12 scale,14,1,0,230,14,343.85,262.2,81.65,15,00:00.0,00:00.0,
150,70,Ride on toy sedan car (Green) 1/12 scale,Unknown,Each,Each,Northwind,1/12 scale,14,1,0,230,14,343.85,262.2,81.65,15,00:00.0,00:00.0,
151,69,Ride on toy sedan car (Blue) 1/12 scale,Blue,Each,Each,Northwind,1/12 scale,14,1,0,230,14,343.85,262.2,81.65,15,00:00.0,00:00.0,
152,68,Ride on toy sedan car (Red) 1/12 scale,Red,Each,Each,Northwind,1/12 scale,14,1,0,230,14,343.85,262.2,81.65,15,00:00.0,00:00.0,
153,67,Ride on toy sedan car (Black) 1/12 scale,Black,Each,Each,Northwind,1/12 scale,14,1,0,230,14,343.85,262.2,81.65,15,00:00.0,00:00.0,
154,66,RC big wheel monster truck with remote control (Black) 1/50 scale,Black,Each,Each,Northwind,1/50 scale,14,1,0,45,14,67.28,51.3,15.98,1.799999952,00:00.0,00:00.0,
155,65,RC vintage American toy coupe with remote control (Black) 1/50 scale,Black,Each,Each,Northwind,1/50 scale,14,1,0,30,14,44.85,34.2,10.65,1.700000048,00:00.0,00:00.0,
156,64,RC vintage American toy coupe with remote control (Red) 1/50 scale,Red,Each,Each,Northwind,1/50 scale,14,1,0,30,14,44.85,34.2,10.65,1.700000048,00:00.0,00:00.0,
157,63,RC toy sedan car with remote control (Pink) 1/50 scale,Unknown,Each,Each,Northwind,1/50 scale,14,1,0,25,14,37.38,28.5,8.88,1.5,00:00.0,00:00.0,
158,62,RC toy sedan car with remote control (Yellow) 1/50 scale,Yellow,Each,Each,Northwind,1/50 scale,14,1,0,25,14,37.38,28.5,8.88,1.5,00:00.0,00:00.0,
159,61,RC toy sedan car with remote control (Green) 1/50 scale,Unknown,Each,Each,Northwind,1/50 scale,14,1,0,25,14,37.38,28.5,8.88,1.5,00:00.0,00:00.0,
160,60,RC toy sedan car with remote control (Blue) 1/50 scale,Blue,Each,Each,Northwind,1/50 scale,14,1,0,25,14,37.38,28.5,8.88,1.5,00:00.0,00:00.0,
161,59,RC toy sedan car with remote control (Red) 1/50 scale,Red,Each,Each,Northwind,1/50 scale,14,1,0,25,14,37.38,28.5,8.88,1.5,00:00.0,00:00.0,
162,58,RC toy sedan car with remote control (Black) 1/50 scale,Black,Each,Each,Northwind,1/50 scale,14,1,0,25,14,37.38,28.5,8.88,1.5,00:00.0,00:00.0,
163,57,IT joke mug - hardware: part of the computer that can be kicked (Black),Black,Each,Each,Undefined,Undefined,12,1,0,13,12,19.44,14.56,4.88,0.150000006,00:00.0,00:00.0,
164,56,IT joke mug - hardware: part of the computer that can be kicked (White),White,Each,Each,Undefined,Undefined,12,1,0,13,12,19.44,14.56,4.88,0.150000006,00:00.0,00:00.0,
165,55,IT joke mug - that behavior is by design (Black),Black,Each,Each,Undefined,Undefined,12,1,0,13,12,19.44,14.56,4.88,0.150000006,00:00.0,00:00.0,
166,54,IT joke mug - that behavior is by design (White),White,Each,Each,Undefined,Undefined,12,1,0,13,12,19.44,14.56,4.88,0.150000006,00:00.0,00:00.0,
167,53,IT joke mug - keyboard not found … press F1 to continue (Black),Black,Each,Each,Undefined,Undefined,12,1,0,13,12,19.44,14.56,4.88,0.150000006,00:00.0,00:00.0,
168,52,IT joke mug - keyboard not found … press F1 to continue (White),White,Each,Each,Undefined,Undefined,12,1,0,13,12,19.44,14.56,4.88,0.150000006,00:00.0,00:00.0,
169,51,Developer joke mug - old C developers never die (Black),Black,Each,Each,Undefined,Undefined,12,1,0,13,12,19.44,14.56,4.88,0.150000006,00:00.0,00:00.0,
170,50,Developer joke mug - old C developers never die (White),White,Each,Each,Undefined,Undefined,12,1,0,13,12,19.44,14.56,4.88,0.150000006,00:00.0,00:00.0,
171,49,Developer joke mug - this code was generated by a tool (Black),Black,Each,Each,Undefined,Undefined,12,1,0,13,12,19.44,14.56,4.88,0.150000006,00:00.0,00:00.0,
172,48,Developer joke mug - this code was generated by a tool (White),White,Each,Each,Undefined,Undefined,12,1,0,13,12,19.44,14.56,4.88,0.150000006,00:00.0,00:00.0,
173,47,Developer joke mug - a foo walks into a bar (Black),Black,Each,Each,Undefined,Undefined,12,1,0,13,12,19.44,14.56,4.88,0.150000006,00:00.0,00:00.0,
174,46,Developer joke mug - a foo walks into a bar (White),White,Each,Each,Undefined,Undefined,12,1,0,13,12,19.44,14.56,4.88,0.150000006,00:00.0,00:00.0,
175,45,Developer joke mug - there are 10 types of people in the world (Black),Black,Each,Each,Undefined,Undefined,12,1,0,13,12,19.44,14.56,4.88,0.150000006,00:00.0,00:00.0,
176,44,Developer joke mug - there are 10 types of people in the world (White),White,Each,Each,Undefined,Undefined,12,1,0,13,12,19.44,14.56,4.88,0.150000006,00:00.0,00:00.0,
177,43,Developer joke mug - understanding recursion requires understanding recursion (Black),Black,Each,Each,Undefined,Undefined,12,1,0,13,12,19.44,14.56,4.88,0.150000006,00:00.0,00:00.0,
178,42,Developer joke mug - understanding recursion requires understanding recursion (White),White,Each,Each,Undefined,Undefined,12,1,0,13,12,19.44,14.56,4.88,0.150000006,00:00.0,00:00.0,
179,41,"Developer joke mug - (hip, hip, array) (Black)",Black,Each,Each,Undefined,Undefined,12,1,0,13,12,19.44,14.56,4.88,0.150000006,00:00.0,00:00.0,
180,40,"Developer joke mug - (hip, hip, array) (White)",White,Each,Each,Undefined,Undefined,12,1,0,13,12,19.44,14.56,4.88,0.150000006,00:00.0,00:00.0,
181,39,Developer joke mug - inheritance is the OO way to become wealthy (Black),Black,Each,Each,Undefined,Undefined,12,1,0,13,12,19.44,14.56,4.88,0.150000006,00:00.0,00:00.0,
182,38,Developer joke mug - inheritance is the OO way to become wealthy (White),White,Each,Each,Undefined,Undefined,12,1,0,13,12,19.44,14.56,4.88,0.150000006,00:00.0,00:00.0,
183,37,Developer joke mug - when your hammer is C++ (Black),Black,Each,Each,Undefined,Undefined,12,1,0,13,12,19.44,14.56,4.88,0.150000006,00:00.0,00:00.0,
184,36,Developer joke mug - when your hammer is C++ (White),White,Each,Each,Undefined,Undefined,12,1,0,13,12,19.44,14.56,4.88,0.150000006,00:00.0,00:00.0,
185,35,Developer joke mug - fun was unexpected at this time (Black),Black,Each,Each,Undefined,Undefined,12,1,0,13,12,19.44,14.56,4.88,0.150000006,00:00.0,00:00.0,
186,34,Developer joke mug - fun was unexpected at this time (White),White,Each,Each,Undefined,Undefined,12,1,0,13,12,19.44,14.56,4.88,0.150000006,00:00.0,00:00.0,
187,33,Developer joke mug - that's a hardware problem (Black),Black,Each,Each,Undefined,Undefined,12,1,0,13,12,19.44,14.56,4.88,0.150000006,00:00.0,00:00.0,
188,32,Developer joke mug - that's a hardware problem (White),White,Each,Each,Undefined,Undefined,12,1,0,13,12,19.44,14.56,4.88,0.150000006,00:00.0,00:00.0,
189,31,Developer joke mug - Oct 31 = Dec 25 (Black),Black,Each,Each,Undefined,Undefined,12,1,0,13,12,19.44,14.56,4.88,0.150000006,00:00.0,00:00.0,
190,30,Developer joke mug - Oct 31 = Dec 25 (White),White,Each,Each,Undefined,Undefined,12,1,0,13,12,19.44,14.56,4.88,0.150000006,00:00.0,00:00.0,
191,29,DBA joke mug - two types of DBAs (Black),Black,Each,Each,Undefined,Undefined,12,1,0,13,12,19.44,14.56,4.88,0.150000006,00:00.0,00:00.0,
192,28,DBA joke mug - two types of DBAs (White),White,Each,Each,Undefined,Undefined,12,1,0,13,12,19.44,14.56,4.88,0.150000006,00:00.0,00:00.0,
193,27,DBA joke mug - SELECT caffeine FROM mug (Black),Black,Each,Each,Undefined,Undefined,12,1,0,13,12,19.44,14.56,4.88,0.150000006,00:00.0,00:00.0,
194,26,DBA joke mug - SELECT caffeine FROM mug (White),White,Each,Each,Undefined,Undefined,12,1,0,13,12,19.44,14.56,4.88,0.150000006,00:00.0,00:00.0,
195,25,DBA joke mug - I will get you in order (Black),Black,Each,Each,Undefined,Undefined,12,1,0,13,12,19.44,14.56,4.88,0.150000006,00:00.0,00:00.0,
196,24,DBA joke mug - I will get you in order (White),White,Each,Each,Undefined,Undefined,12,1,0,13,12,19.44,14.56,4.88,0.150000006,00:00.0,00:00.0,
197,23,DBA joke mug - it depends (Black),Black,Each,Each,Undefined,Undefined,12,1,0,13,12,19.44,14.56,4.88,0.150000006,00:00.0,00:00.0,
198,22,DBA joke mug - it depends (White),White,Each,Each,Undefined,Undefined,12,1,0,13,12,19.44,14.56,4.88,0.150000006,00:00.0,00:00.0,
199,21,DBA joke mug - you might be a DBA if (Black),Black,Each,Each,Undefined,Undefined,12,1,0,13,12,19.44,14.56,4.88,0.150000006,00:00.0,00:00.0,
200,20,DBA joke mug - you might be a DBA if (White),White,Each,Each,Undefined,Undefined,12,1,0,13,12,19.44,14.56,4.88,0.150000006,00:00.0,00:00.0,
201,19,DBA joke mug - daaaaaa-ta (Black),Black,Each,Each,Undefined,Undefined,12,1,0,13,12,19.44,14.56,4.88,0.150000006,00:00.0,00:00.0,
202,18,DBA joke mug - daaaaaa-ta (White),White,Each,Each,Undefined,Undefined,12,1,0,13,12,19.44,14.56,4.88,0.150000006,00:00.0,00:00.0,
203,17,DBA joke mug - mind if I join you? (Black),Black,Each,Each,Undefined,Undefined,12,1,0,13,12,19.44,14.56,4.88,0.150000006,00:00.0,00:00.0,
204,16,DBA joke mug - mind if I join you? (White),White,Each,Each,Undefined,Undefined,12,1,0,13,12,19.44,14.56,4.88,0.150000006,00:00.0,00:00.0,
205,15,USB food flash drive - dessert 10 drive variety pack,Unknown,Packet,Packet,Undefined,Undefined,14,1,0,240,14,358.8,273.6,85.2,0.5,00:00.0,00:00.0,
206,14,USB food flash drive - fortune cookie,Unknown,Each,Each,Undefined,Undefined,14,1,0,32,14,47.84,36.48,11.36,0.050000001,00:00.0,00:00.0,
207,13,USB food flash drive - shrimp cocktail,Unknown,Each,Each,Undefined,Undefined,14,1,0,32,14,47.84,36.48,11.36,0.050000001,00:00.0,00:00.0,
208,12,USB food flash drive - donut,Unknown,Each,Each,Undefined,Undefined,14,1,0,32,14,47.84,36.48,11.36,0.050000001,00:00.0,00:00.0,
209,11,USB food flash drive - cookie,Unknown,Each,Each,Undefined,Undefined,14,1,0,32,14,47.84,36.48,11.36,0.050000001,00:00.0,00:00.0,
210,10,USB food flash drive - chocolate bar,Unknown,Each,Each,Undefined,Undefined,14,1,0,32,14,47.84,36.48,11.36,0.050000001,00:00.0,00:00.0,
211,9,USB food flash drive - banana,Unknown,Each,Each,Undefined,Undefined,14,1,0,32,14,47.84,36.48,11.36,0.050000001,00:00.0,00:00.0,
212,8,USB food flash drive - dim sum 10 drive variety pack,Unknown,Packet,Packet,Undefined,Undefined,14,1,0,240,14,358.8,273.6,85.2,0.5,00:00.0,00:00.0,
213,7,USB food flash drive - pizza slice,Unknown,Each,Each,Undefined,Undefined,14,1,0,32,14,47.84,36.48,11.36,0.050000001,00:00.0,00:00.0,
214,6,USB food flash drive - hot dog,Unknown,Each,Each,Undefined,Undefined,14,1,0,32,14,47.84,36.48,11.36,0.050000001,00:00.0,00:00.0,
215,5,USB food flash drive - hamburger,Unknown,Each,Each,Undefined,Undefined,14,1,0,32,14,47.84,36.48,11.36,0.050000001,00:00.0,00:00.0,
216,4,USB food flash drive - sushi roll,Unknown,Each,Each,Undefined,Undefined,14,1,0,32,14,47.84,36.48,11.36,0.050000001,00:00.0,00:00.0,
217,3,Office cube periscope (Black),Black,Each,Carton,Undefined,Undefined,14,10,0,18.5,14,27.66,21.09,6.57,0.25,00:00.0,00:00.0,
218,2,USB rocket launcher (Gray),Gray,Each,Each,Undefined,Undefined,14,1,0,25,14,37.38,28.5,8.88,0.300000012,00:00.0,00:00.0,
219,1,USB missile launcher (Green),Unknown,Each,Each,Undefined,Undefined,14,1,0,25,14,37.38,28.5,8.88,0.300000012,00:00.0,00:00.0,
220,221,Novelty chilli chocolates 500g,Unknown,Bag,Carton,Undefined,500g,3,12,1,14.5,3,20.74,14.935,5.805,0.5,00:00.0,00:00.0,
221,220,Novelty chilli chocolates 250g,Unknown,Bag,Carton,Undefined,250g,3,24,1,8.550000191,3,12.23,8.806500196,3.423499804,0.25,00:00.0,00:00.0,
222,223,Chocolate echidnas 250g,Unknown,Bag,Carton,Undefined,250g,3,24,1,8.55E+00,3,12.23,8.806500196,3.423499804,0.25,00:00.0,00:00.0,
223,222,Chocolate beetles 250g,Unknown,Bag,Carton,Undefined,250g,3,24,1,8.55E+00,3,12.23,8.806500196,3.423499804,0.25,00:00.0,00:00.0,
224,225,Chocolate sharks 250g,Unknown,Bag,Carton,Undefined,250g,3,24,1,8.55E+00,3,12.23,8.806500196,3.423499804,0.25,00:00.0,00:00.0,
225,224,Chocolate frogs 250g,Unknown,Bag,Carton,Undefined,250g,3,24,1,8.55E+00,3,12.23,8.806500196,3.423499804,0.25,00:00.0,00:00.0,
226,227,White chocolate moon rocks 250g,Unknown,Bag,Carton,Undefined,250g,3,24,1,8.55E+00,3,12.23,8.806500196,3.423499804,0.25,00:00.0,00:00.0,
227,226,White chocolate snow balls 250g,Unknown,Bag,Carton,Undefined,250g,3,24,1,8.55E+00,3,12.23,8.806500196,3.423499804,0.25,00:00.0,00:00.0,
228,66,RC big wheel monster truck with remote control (Black) 1/50 scale,Black,Each,Each,Northwind,1/50 scale,14,1,0,4.50E+01,14,67.28,51.3,15.98,1.799999952,00:00.0,01:00.0,
229,65,RC vintage American toy coupe with remote control (Black) 1/50 scale,Black,Each,Each,Northwind,1/50 scale,14,1,0,3.00E+01,14,44.85,34.2,10.65,1.700000048,00:00.0,01:00.0,
230,64,RC vintage American toy coupe with remote control (Red) 1/50 scale,Red,Each,Each,Northwind,1/50 scale,14,1,0,30,14,44.85,34.2,10.65,1.700000048,00:00.0,01:00.0,
231,63,RC toy sedan car with remote control (Pink) 1/50 scale,Unknown,Each,Each,Northwind,1/50 scale,14,1,0,25,14,37.38,28.5,8.88,1.5,00:00.0,01:00.0,
232,62,RC toy sedan car with remote control (Yellow) 1/50 scale,Yellow,Each,Each,Northwind,1/50 scale,14,1,0,25,14,37.38,28.5,8.88,1.5,00:00.0,01:00.0,
233,61,RC toy sedan car with remote control (Green) 1/50 scale,Unknown,Each,Each,Northwind,1/50 scale,14,1,0,25,14,37.38,28.5,8.88,1.5,00:00.0,01:00.0,
234,60,RC toy sedan car with remote control (Blue) 1/50 scale,Blue,Each,Each,Northwind,1/50 scale,14,1,0,25,14,37.38,28.5,8.88,1.5,00:00.0,01:00.0,
235,59,RC toy sedan car with remote control (Red) 1/50 scale,Red,Each,Each,Northwind,1/50 scale,14,1,0,25,14,37.38,28.5,8.88,1.5,00:00.0,01:00.0,
236,58,RC toy sedan car with remote control (Black) 1/50 scale,Black,Each,Each,Northwind,1/50 scale,14,1,0,25,14,37.38,28.5,8.88,1.5,00:00.0,01:00.0,
237,15,USB food flash drive - dessert 10 drive variety pack,Unknown,Packet,Packet,Undefined,Undefined,14,1,0,240,14,358.8,273.6,85.2,0.5,00:00.0,09:00.0,
238,14,USB food flash drive - fortune cookie,Unknown,Each,Each,Undefined,Undefined,14,1,0,32,14,47.84,36.48,11.36,0.050000001,00:00.0,09:00.0,
239,13,USB food flash drive - shrimp cocktail,Unknown,Each,Each,Undefined,Undefined,14,1,0,32,14,47.84,36.48,11.36,0.050000001,00:00.0,09:00.0,
240,12,USB food flash drive - donut,Unknown,Each,Each,Undefined,Undefined,14,1,0,32,14,47.84,36.48,11.36,0.050000001,00:00.0,09:00.0,
241,11,USB food flash drive - cookie,Unknown,Each,Each,Undefined,Undefined,14,1,0,32,14,47.84,36.48,11.36,0.050000001,00:00.0,09:00.0,
242,10,USB food flash drive - chocolate bar,Unknown,Each,Each,Undefined,Undefined,14,1,0,32,14,47.84,36.48,11.36,0.050000001,00:00.0,09:00.0,
243,9,USB food flash drive - banana,Unknown,Each,Each,Undefined,Undefined,14,1,0,32,14,47.84,36.48,11.36,0.050000001,00:00.0,09:00.0,
244,8,USB food flash drive - dim sum 10 drive variety pack,Unknown,Packet,Packet,Undefined,Undefined,14,1,0,240,14,358.8,273.6,85.2,0.5,00:00.0,09:00.0,
245,7,USB food flash drive - pizza slice,Unknown,Each,Each,Undefined,Undefined,14,1,0,32,14,47.84,36.48,11.36,0.050000001,00:00.0,09:00.0,
246,6,USB food flash drive - hot dog,Unknown,Each,Each,Undefined,Undefined,14,1,0,32,14,47.84,36.48,11.36,0.050000001,00:00.0,09:00.0,
247,5,USB food flash drive - hamburger,Unknown,Each,Each,Undefined,Undefined,14,1,0,32,14,47.84,36.48,11.36,0.050000001,00:00.0,09:00.0,
248,4,USB food flash drive - sushi roll,Unknown,Each,Each,Undefined,Undefined,14,1,0,32,14,47.84,36.48,11.36,0.050000001,00:00.0,09:00.0,
249,57,IT joke mug - hardware: part of the computer that can be kicked (Black),Black,Each,Each,Undefined,Undefined,12,1,0,13,12,19.44,14.56,4.88,0.150000006,00:00.0,10:00.0,
250,56,IT joke mug - hardware: part of the computer that can be kicked (White),White,Each,Each,Undefined,Undefined,12,1,0,13,12,19.44,14.56,4.88,0.150000006,00:00.0,10:00.0,
251,55,IT joke mug - that behavior is by design (Black),Black,Each,Each,Undefined,Undefined,12,1,0,13,12,19.44,14.56,4.88,0.150000006,00:00.0,10:00.0,
252,54,IT joke mug - that behavior is by design (White),White,Each,Each,Undefined,Undefined,12,1,0,13,12,19.44,14.56,4.88,0.150000006,00:00.0,10:00.0,
253,53,IT joke mug - keyboard not found … press F1 to continue (Black),Black,Each,Each,Undefined,Undefined,12,1,0,13,12,19.44,14.56,4.88,0.150000006,00:00.0,10:00.0,
254,52,IT joke mug - keyboard not found … press F1 to continue (White),White,Each,Each,Undefined,Undefined,12,1,0,13,12,19.44,14.56,4.88,0.150000006,00:00.0,10:00.0,
255,51,Developer joke mug - old C developers never die (Black),Black,Each,Each,Undefined,Undefined,12,1,0,13,12,19.44,14.56,4.88,0.150000006,00:00.0,10:00.0,
256,50,Developer joke mug - old C developers never die (White),White,Each,Each,Undefined,Undefined,12,1,0,13,12,19.44,14.56,4.88,0.150000006,00:00.0,10:00.0,
257,49,Developer joke mug - this code was generated by a tool (Black),Black,Each,Each,Undefined,Undefined,12,1,0,13,12,19.44,14.56,4.88,0.150000006,00:00.0,10:00.0,
258,48,Developer joke mug - this code was generated by a tool (White),White,Each,Each,Undefined,Undefined,12,1,0,13,12,19.44,14.56,4.88,0.150000006,00:00.0,10:00.0,
259,47,Developer joke mug - a foo walks into a bar (Black),Black,Each,Each,Undefined,Undefined,12,1,0,13,12,19.44,14.56,4.88,0.150000006,00:00.0,10:00.0,
260,46,Developer joke mug - a foo walks into a bar (White),White,Each,Each,Undefined,Undefined,12,1,0,13,12,19.44,14.56,4.88,0.150000006,00:00.0,10:00.0,
261,45,Developer joke mug - there are 10 types of people in the world (Black),Black,Each,Each,Undefined,Undefined,12,1,0,13,12,19.44,14.56,4.88,0.150000006,00:00.0,10:00.0,
262,44,Developer joke mug - there are 10 types of people in the world (White),White,Each,Each,Undefined,Undefined,12,1,0,13,12,19.44,14.56,4.88,0.150000006,00:00.0,10:00.0,
263,43,Developer joke mug - understanding recursion requires understanding recursion (Black),Black,Each,Each,Undefined,Undefined,12,1,0,13,12,19.44,14.56,4.88,0.150000006,00:00.0,10:00.0,
264,42,Developer joke mug - understanding recursion requires understanding recursion (White),White,Each,Each,Undefined,Undefined,12,1,0,13,12,19.44,14.56,4.88,0.150000006,00:00.0,10:00.0,
265,41,"Developer joke mug - (hip, hip, array) (Black)",Black,Each,Each,Undefined,Undefined,12,1,0,13,12,19.44,14.56,4.88,0.150000006,00:00.0,10:00.0,
266,40,"Developer joke mug - (hip, hip, array) (White)",White,Each,Each,Undefined,Undefined,12,1,0,13,12,19.44,14.56,4.88,0.150000006,00:00.0,10:00.0,
267,39,Developer joke mug - inheritance is the OO way to become wealthy (Black),Black,Each,Each,Undefined,Undefined,12,1,0,13,12,19.44,14.56,4.88,0.150000006,00:00.0,10:00.0,
268,38,Developer joke mug - inheritance is the OO way to become wealthy (White),White,Each,Each,Undefined,Undefined,12,1,0,13,12,19.44,14.56,4.88,0.150000006,00:00.0,10:00.0,
269,37,Developer joke mug - when your hammer is C++ (Black),Black,Each,Each,Undefined,Undefined,12,1,0,13,12,19.44,14.56,4.88,0.150000006,00:00.0,10:00.0,
270,36,Developer joke mug - when your hammer is C++ (White),White,Each,Each,Undefined,Undefined,12,1,0,13,12,19.44,14.56,4.88,0.150000006,00:00.0,10:00.0,
271,35,Developer joke mug - fun was unexpected at this time (Black),Black,Each,Each,Undefined,Undefined,12,1,0,13,12,19.44,14.56,4.88,0.150000006,00:00.0,10:00.0,
272,34,Developer joke mug - fun was unexpected at this time (White),White,Each,Each,Undefined,Undefined,12,1,0,13,12,19.44,14.56,4.88,0.150000006,00:00.0,10:00.0,
273,33,Developer joke mug - that's a hardware problem (Black),Black,Each,Each,Undefined,Undefined,12,1,0,13,12,19.44,14.56,4.88,0.150000006,00:00.0,10:00.0,
274,32,Developer joke mug - that's a hardware problem (White),White,Each,Each,Undefined,Undefined,12,1,0,13,12,19.44,14.56,4.88,0.150000006,00:00.0,10:00.0,
275,31,Developer joke mug - Oct 31 = Dec 25 (Black),Black,Each,Each,Undefined,Undefined,12,1,0,13,12,19.44,14.56,4.88,0.150000006,00:00.0,10:00.0,
276,30,Developer joke mug - Oct 31 = Dec 25 (White),White,Each,Each,Undefined,Undefined,12,1,0,13,12,19.44,14.56,4.88,0.150000006,00:00.0,10:00.0,
277,29,DBA joke mug - two types of DBAs (Black),Black,Each,Each,Undefined,Undefined,12,1,0,13,12,19.44,14.56,4.88,0.150000006,00:00.0,10:00.0,
278,28,DBA joke mug - two types of DBAs (White),White,Each,Each,Undefined,Undefined,12,1,0,13,12,19.44,14.56,4.88,0.150000006,00:00.0,10:00.0,
279,27,DBA joke mug - SELECT caffeine FROM mug (Black),Black,Each,Each,Undefined,Undefined,12,1,0,13,12,19.44,14.56,4.88,0.150000006,00:00.0,10:00.0,
280,26,DBA joke mug - SELECT caffeine FROM mug (White),White,Each,Each,Undefined,Undefined,12,1,0,13,12,19.44,14.56,4.88,0.150000006,00:00.0,10:00.0,
281,25,DBA joke mug - I will get you in order (Black),Black,Each,Each,Undefined,Undefined,12,1,0,13,12,19.44,14.56,4.88,0.150000006,00:00.0,10:00.0,
282,24,DBA joke mug - I will get you in order (White),White,Each,Each,Undefined,Undefined,12,1,0,13,12,19.44,14.56,4.88,0.150000006,00:00.0,10:00.0,
283,23,DBA joke mug - it depends (Black),Black,Each,Each,Undefined,Undefined,12,1,0,13,12,19.44,14.56,4.88,0.150000006,00:00.0,10:00.0,
284,22,DBA joke mug - it depends (White),White,Each,Each,Undefined,Undefined,12,1,0,13,12,19.44,14.56,4.88,0.150000006,00:00.0,10:00.0,
285,21,DBA joke mug - you might be a DBA if (Black),Black,Each,Each,Undefined,Undefined,12,1,0,13,12,19.44,14.56,4.88,0.150000006,00:00.0,10:00.0,
286,20,DBA joke mug - you might be a DBA if (White),White,Each,Each,Undefined,Undefined,12,1,0,13,12,19.44,14.56,4.88,0.150000006,00:00.0,10:00.0,
287,19,DBA joke mug - daaaaaa-ta (Black),Black,Each,Each,Undefined,Undefined,12,1,0,13,12,19.44,14.56,4.88,0.150000006,00:00.0,10:00.0,
288,18,DBA joke mug - daaaaaa-ta (White),White,Each,Each,Undefined,Undefined,12,1,0,13,12,19.44,14.56,4.88,0.150000006,00:00.0,10:00.0,
289,17,DBA joke mug - mind if I join you? (Black),Black,Each,Each,Undefined,Undefined,12,1,0,13,12,19.44,14.56,4.88,0.150000006,00:00.0,10:00.0,
290,16,DBA joke mug - mind if I join you? (White),White,Each,Each,Undefined,Undefined,12,1,0,13,12,19.44,14.56,4.88,0.150000006,00:00.0,10:00.0,
291,2,USB rocket launcher (Gray),Steel Gray,Each,Each,Undefined,Undefined,14,1,0,25,14,37.38,28.5,8.88,0.300000012,00:00.0,11:00.0,
292,1,USB missile launcher (Green),Unknown,Each,Each,Undefined,Undefined,14,1,0,25,14,37.38,28.5,8.88,0.300000012,00:00.0,11:00.0,
293,219,Void fill 400 L bag (White) 400L,Unknown,Each,Each,Undefined,400L,14,10,0,50,14,74.75,57,17.75,1,00:00.0,12:00.0,
294,218,Void fill 300 L bag (White) 300L,Unknown,Each,Each,Undefined,300L,14,10,0,37.5,14,56.06,42.75,13.31,0.75,00:00.0,12:00.0,
295,217,Void fill 200 L bag (White) 200L,Unknown,Each,Each,Undefined,200L,14,10,0,25,14,37.38,28.5,8.88,0.5,00:00.0,12:00.0,
296,216,Void fill 100 L bag (White) 100L,Unknown,Each,Each,Undefined,100L,14,10,0,12.5,14,18.69,14.25,4.44,0.25,00:00.0,12:00.0,
297,215,Air cushion machine (Blue),Unknown,Each,Each,Undefined,Undefined,20,1,0,1899,20,2839.01,2278.8,560.21,10,00:00.0,12:00.0,
298,214,Air cushion film 200mmx200mm 325m,Unknown,Each,Each,Undefined,325m,14,1,0,90,14,134.55,102.6,31.95,6,00:00.0,12:00.0,
299,213,Air cushion film 200mmx100mm 325m,Unknown,Each,Each,Undefined,325m,14,1,0,87,14,130.07,99.18,30.89,5,00:00.0,12:00.0,
300,212,Large replacement blades 18mm,Unknown,Each,Each,Undefined,18mm,14,10,0,4.300000191,14,6.43,4.902000217,1.527999783,0.800000012,00:00.0,12:00.0,
301,211,Small 9mm replacement blades 9mm,Unknown,Each,Each,Undefined,9mm,14,10,0,4.099999905,14,6.13,4.673999891,1.456000109,0.699999988,00:00.0,12:00.0,
302,210,Packing knife with metal insert blade (Yellow) 18mm,Unknown,Each,Each,Undefined,18mm,14,5,0,2.400000095,14,3.59,2.736000109,0.853999891,0.5,00:00.0,12:00.0,
303,209,Packing knife with metal insert blade (Yellow) 9mm,Unknown,Each,Each,Undefined,9mm,14,5,0,1.889999986,14,2.83,2.154599984,0.675400016,0.5,00:00.0,12:00.0,
304,208,Permanent marker red 5mm nib (Red) 5mm,Unknown,Each,Each,Undefined,5mm,14,12,0,2.700000048,14,4.04,3.078000054,0.961999946,0.100000001,00:00.0,12:00.0,
305,207,Permanent marker blue 5mm nib (Blue) 5mm,Unknown,Each,Each,Undefined,5mm,14,12,0,2.700000048,14,4.04,3.078000054,0.961999946,0.100000001,00:00.0,12:00.0,
306,206,Permanent marker black 5mm nib (Black) 5mm,Unknown,Each,Each,Undefined,5mm,14,12,0,2.700000048,14,4.04,3.078000054,0.961999946,0.100000001,00:00.0,12:00.0,
307,205,Tape dispenser (Blue),Unknown,Each,Each,Undefined,Undefined,20,10,0,32,20,47.84,38.4,9.44,1,00:00.0,12:00.0,
308,204,Tape dispenser (Red),Unknown,Each,Each,Undefined,Undefined,20,10,0,32,20,47.84,38.4,9.44,1,00:00.0,12:00.0,
309,203,Tape dispenser (Black),Unknown,Each,Each,Undefined,Undefined,20,10,0,32,20,47.84,38.4,9.44,1,00:00.0,12:00.0,
310,202,Red and white urgent heavy despatch tape 48mmx100m,Unknown,Each,Each,Undefined,48mmx100m,14,24,0,4.099999905,14,6.13,4.673999891,1.456000109,0.699999988,00:00.0,12:00.0,
311,201,Red and white urgent despatch tape 48mmx75m,Unknown,Each,Each,Undefined,48mmx75m,14,24,0,3.700000048,14,5.53,4.218000054,1.311999946,0.5,00:00.0,12:00.0,
312,200,Black and yellow heavy despatch tape 48mmx100m,Unknown,Each,Each,Undefined,48mmx100m,14,24,0,4.099999905,14,6.13,4.673999891,1.456000109,0.699999988,00:00.0,12:00.0,
313,199,Black and yellow heavy despatch tape 48mmx75m,Unknown,Each,Each,Undefined,48mmx75m,14,24,0,3.700000048,14,5.53,4.218000054,1.311999946,0.5,00:00.0,12:00.0,
314,198,Black and orange this way up despatch tape 48mmx100m,Unknown,Each,Each,Undefined,48mmx100m,14,24,0,4.099999905,14,6.13,4.673999891,1.456000109,0.699999988,00:00.0,12:00.0,
315,197,Black and orange this way up despatch tape 48mmx75m,Unknown,Each,Each,Undefined,48mmx75m,14,24,0,3.700000048,14,5.53,4.218000054,1.311999946,0.5,00:00.0,12:00.0,
316,196,Black and orange handle with care despatch tape 48mmx100m,Unknown,Each,Each,Undefined,48mmx100m,14,24,0,4.099999905,14,6.13,4.673999891,1.456000109,0.699999988,00:00.0,12:00.0,
317,195,Black and orange handle with care despatch tape 48mmx75m,Unknown,Each,Each,Undefined,48mmx75m,14,24,0,3.700000048,14,5.53,4.218000054,1.311999946,0.5,00:00.0,12:00.0,
318,194,Black and orange glass with care despatch tape 48mmx100m,Unknown,Each,Each,Undefined,48mmx100m,14,24,0,4.099999905,14,6.13,4.673999891,1.456000109,0.699999988,00:00.0,12:00.0,
319,193,Black and orange glass with care despatch tape 48mmx75m,Unknown,Each,Each,Undefined,48mmx75m,14,24,0,3.700000048,14,5.53,4.218000054,1.311999946,0.5,00:00.0,12:00.0,
320,192,Black and orange fragile despatch tape 48mmx100m,Unknown,Each,Each,Undefined,48mmx100m,14,36,0,4.099999905,14,6.13,4.673999891,1.456000109,0.699999988,00:00.0,12:00.0,
321,191,Black and orange fragile despatch tape 48mmx75m,Unknown,Each,Each,Undefined,48mmx75m,14,36,0,3.700000048,14,5.53,4.218000054,1.311999946,0.5,00:00.0,12:00.0,
322,190,Clear packaging tape 48mmx100m,Unknown,Each,Each,Undefined,48mmx100m,14,20,0,3.5,14,5.23,3.99,1.24,0.699999988,00:00.0,12:00.0,
323,189,Clear packaging tape 48mmx75m,Unknown,Each,Each,Undefined,48mmx75m,14,26,0,2.900000095,14,4.34,3.306000109,1.033999891,0.5,00:00.0,12:00.0,
324,188,3 kg Courier post bag (White) 300x190x95mm,Unknown,Each,Each,Undefined,300x190x95mm,14,25,0,0.660000026,14,0.99,0.75240003,0.23759997,0.100000001,00:00.0,12:00.0,
325,187,Express post box 5kg (White) 350x280x130mm,Unknown,Each,Each,Undefined,350x280x130mm,14,25,0,0.949999988,14,1.42,1.082999986,0.337000014,0.200000003,00:00.0,12:00.0,
326,186,Shipping carton (Brown) 457x457x457mm,Unknown,Each,Each,Undefined,457x457x457mm,14,25,0,2.099999905,14,3.14,2.393999891,0.746000109,0.400000006,00:00.0,12:00.0,
327,185,Shipping carton (Brown) 356x356x279mm,Unknown,Each,Each,Undefined,356x356x279mm,14,25,0,2.039999962,14,3.05,2.325599957,0.724400043,0.300000012,00:00.0,12:00.0,
328,184,Shipping carton (Brown) 305x305x305mm,Unknown,Each,Each,Undefined,305x305x305mm,14,25,0,3.5,14,5.23,3.99,1.24,0.300000012,00:00.0,12:00.0,
329,183,Shipping carton (Brown) 480x270x320mm,Unknown,Each,Each,Undefined,480x270x320mm,14,25,0,2.74000001,14,4.1,3.123600011,0.976399989,0.400000006,00:00.0,12:00.0,
330,182,Shipping carton (Brown) 457x279x279mm,Unknown,Each,Each,Undefined,457x279x279mm,14,25,0,1.279999971,14,1.91,1.459199967,0.450800033,0.400000006,00:00.0,12:00.0,
331,181,Shipping carton (Brown) 356x229x229mm,Unknown,Each,Each,Undefined,356x229x229mm,14,25,0,1.139999986,14,1.7,1.299599984,0.400400016,0.400000006,00:00.0,12:00.0,
332,180,Shipping carton (Brown) 279x254x217mm,Unknown,Each,Each,Undefined,279x254x217mm,14,25,0,1.110000014,14,1.66,1.265400016,0.394599984,0.300000012,00:00.0,12:00.0,
333,179,Shipping carton (Brown) 229x229x229mm,Unknown,Each,Each,Undefined,229x229x229mm,14,25,0,1.049999952,14,1.57,1.196999946,0.373000054,0.300000012,00:00.0,12:00.0,
334,178,Shipping carton (Brown) 500x310x310mm,Unknown,Each,Each,Undefined,500x310x310mm,14,25,0,2.549999952,14,3.81,2.906999946,0.903000054,0.400000006,00:00.0,12:00.0,
335,177,Shipping carton (Brown) 413x285x187mm,Unknown,Each,Each,Undefined,413x285x187mm,14,25,0,1.049999952,14,1.57,1.196999946,0.373000054,0.300000012,00:00.0,12:00.0,
336,176,Bubblewrap dispenser (Red) 1.5m,Red,Each,Each,Undefined,1.5m,14,1,0,240,14,358.8,273.6,85.2,10,00:00.0,12:00.0,
337,175,Bubblewrap dispenser (Blue) 1.5m,Blue,Each,Each,Undefined,1.5m,14,1,0,240,14,358.8,273.6,85.2,10,00:00.0,12:00.0,
338,174,Bubblewrap dispenser (Black) 1.5m,Black,Each,Each,Undefined,1.5m,14,1,0,240,14,358.8,273.6,85.2,10,00:00.0,12:00.0,
339,173,32 mm Anti static bubble wrap (Blue) 50m,Blue,Each,Each,Undefined,50m,14,10,0,105,14,156.98,119.7,37.28,10,00:00.0,12:00.0,
340,172,32 mm Anti static bubble wrap (Blue) 20m,Blue,Each,Each,Undefined,20m,14,10,0,48,14,71.76,54.72,17.04,6,00:00.0,12:00.0,
341,171,32 mm Anti static bubble wrap (Blue) 10m,Blue,Each,Each,Undefined,10m,14,10,0,32,14,47.84,36.48,11.36,5,00:00.0,12:00.0,
342,170,20 mm Anti static bubble wrap (Blue) 50m,Blue,Each,Each,Undefined,50m,14,10,0,102,14,152.49,116.28,36.21,10,00:00.0,12:00.0,
343,169,20 mm Anti static bubble wrap (Blue) 20m,Blue,Each,Each,Undefined,20m,14,10,0,45,14,67.28,51.3,15.98,6,00:00.0,12:00.0,
344,168,20 mm Anti static bubble wrap (Blue) 10m,Blue,Each,Each,Undefined,10m,14,10,0,29,14,43.36,33.06,10.3,5,00:00.0,12:00.0,
345,167,10 mm Anti static bubble wrap (Blue) 50m,Blue,Each,Each,Undefined,50m,14,10,0,99,14,148.01,112.86,35.15,10,00:00.0,12:00.0,
346,166,10 mm Anti static bubble wrap (Blue) 20m,Blue,Each,Each,Undefined,20m,14,10,0,42,14,62.79,47.88,14.91,6,00:00.0,12:00.0,
347,165,10 mm Anti static bubble wrap (Blue) 10m,Blue,Each,Each,Undefined,10m,14,10,0,26,14,38.87,29.64,9.23,5,00:00.0,12:00.0,
348,164,32 mm Double sided bubble wrap 50m,Unknown,Each,Each,Undefined,50m,14,10,0,112,14,167.44,127.68,39.76,10,00:00.0,12:00.0,
349,163,32 mm Double sided bubble wrap 20m,Unknown,Each,Each,Undefined,20m,14,10,0,37,14,55.32,42.18,13.14,6,00:00.0,12:00.0,
350,162,32 mm Double sided bubble wrap 10m,Unknown,Each,Each,Undefined,10m,14,10,0,22,14,32.89,25.08,7.81,5,00:00.0,12:00.0,
351,161,20 mm Double sided bubble wrap 50m,Unknown,Each,Each,Undefined,50m,14,10,0,108,14,161.46,123.12,38.34,10,00:00.0,12:00.0,
352,160,20 mm Double sided bubble wrap 20m,Unknown,Each,Each,Undefined,20m,14,10,0,33,14,49.34,37.62,11.72,6,00:00.0,12:00.0,
353,159,20 mm Double sided bubble wrap 10m,Unknown,Each,Each,Undefined,10m,14,10,0,18,14,26.91,20.52,6.39,5,00:00.0,12:00.0,
354,158,10 mm Double sided bubble wrap 50m,Unknown,Each,Each,Undefined,50m,14,10,0,105,14,156.98,119.7,37.28,10,00:00.0,12:00.0,
355,157,10 mm Double sided bubble wrap 20m,Unknown,Each,Each,Undefined,20m,14,10,0,30,14,44.85,34.2,10.65,6,00:00.0,12:00.0,
356,156,10 mm Double sided bubble wrap 10m,Unknown,Each,Each,Undefined,10m,14,10,0,15,14,22.43,17.1,5.33,5,00:00.0,12:00.0,
357,155,Large sized bubblewrap roll 50m,Unknown,Each,Each,Undefined,50m,14,10,0,24,14,35.88,27.36,8.52,10,00:00.0,12:00.0,
358,154,Medium sized bubblewrap roll 20m,Unknown,Each,Each,Undefined,20m,14,10,0,20,14,29.9,22.8,7.1,6,00:00.0,12:00.0,
359,153,Small sized bubblewrap roll 10m,Unknown,Each,Each,Undefined,10m,14,10,0,4.5,14,6.73,5.13,1.6,5,00:00.0,12:00.0,
360,137,Animal with big feet slippers (Brown) XL,Unknown,Each,Each,Undefined,XL,12,1,0,32,12,47.84,35.84,12,0.400000006,00:00.0,07:00.0,
361,136,Animal with big feet slippers (Brown) L,Unknown,Each,Each,Undefined,L,12,1,0,32,12,47.84,35.84,12,0.349999994,00:00.0,07:00.0,
362,135,Animal with big feet slippers (Brown) M,Unknown,Each,Each,Undefined,M,12,1,0,32,12,47.84,35.84,12,0.349999994,00:00.0,07:00.0,
363,134,Animal with big feet slippers (Brown) S,Unknown,Each,Each,Undefined,S,12,1,0,32,12,47.84,35.84,12,0.349999994,00:00.0,07:00.0,
364,133,Furry gorilla with big eyes slippers (Black) XL,Black,Each,Each,Undefined,XL,12,1,0,32,12,47.84,35.84,12,0.400000006,00:00.0,07:00.0,
365,132,Furry gorilla with big eyes slippers (Black) L,Black,Each,Each,Undefined,L,12,1,0,32,12,47.84,35.84,12,0.349999994,00:00.0,07:00.0,
366,131,Furry gorilla with big eyes slippers (Black) M,Black,Each,Each,Undefined,M,12,1,0,32,12,47.84,35.84,12,0.349999994,00:00.0,07:00.0,
367,130,Furry gorilla with big eyes slippers (Black) S,Black,Each,Each,Undefined,S,12,1,0,32,12,47.84,35.84,12,0.349999994,00:00.0,07:00.0,
368,129,Plush shark slippers (Gray) XL,Steel Gray,Each,Each,Undefined,XL,12,1,0,32,12,47.84,35.84,12,0.400000006,00:00.0,07:00.0,
369,128,Plush shark slippers (Gray) L,Steel Gray,Each,Each,Undefined,L,12,1,0,32,12,47.84,35.84,12,0.349999994,00:00.0,07:00.0,
370,127,Plush shark slippers (Gray) M,Steel Gray,Each,Each,Undefined,M,12,1,0,32,12,47.84,35.84,12,0.349999994,00:00.0,07:00.0,
371,126,Plush shark slippers (Gray) S,Steel Gray,Each,Each,Undefined,S,12,1,0,32,12,47.84,35.84,12,0.349999994,00:00.0,07:00.0,
372,125,Ogre battery-powered slippers (Green) XL,Unknown,Each,Each,Undefined,XL,12,1,0,32,12,47.84,35.84,12,0.400000006,00:00.0,07:00.0,
373,124,Ogre battery-powered slippers (Green) L,Unknown,Each,Each,Undefined,L,12,1,0,32,12,47.84,35.84,12,0.349999994,00:00.0,07:00.0,
374,123,Ogre battery-powered slippers (Green) M,Unknown,Each,Each,Undefined,M,12,1,0,32,12,47.84,35.84,12,0.349999994,00:00.0,07:00.0,
375,122,Ogre battery-powered slippers (Green) S,Unknown,Each,Each,Undefined,S,12,1,0,32,12,47.84,35.84,12,0.349999994,00:00.0,07:00.0,
376,121,Dinosaur battery-powered slippers (Green) XL,Unknown,Each,Each,Undefined,XL,12,1,0,32,12,47.84,35.84,12,0.400000006,00:00.0,07:00.0,
377,120,Dinosaur battery-powered slippers (Green) L,Unknown,Each,Each,Undefined,L,12,1,0,32,12,47.84,35.84,12,0.349999994,00:00.0,07:00.0,
378,119,Dinosaur battery-powered slippers (Green) M,Unknown,Each,Each,Undefined,M,12,1,0,32,12,47.84,35.84,12,0.349999994,00:00.0,07:00.0,
379,118,Dinosaur battery-powered slippers (Green) S,Unknown,Each,Each,Undefined,S,12,1,0,32,12,47.84,35.84,12,0.349999994,00:00.0,07:00.0,
380,149,Halloween skull mask (Gray) XL,Steel Gray,Each,Carton,Undefined,XL,12,12,0,18,12,26.91,20.16,6.75,0.300000012,00:00.0,04:00.0,
381,148,Halloween skull mask (Gray) L,Steel Gray,Each,Carton,Undefined,L,12,12,0,18,12,26.91,20.16,6.75,0.300000012,00:00.0,04:00.0,
382,147,Halloween skull mask (Gray) M,Steel Gray,Each,Carton,Undefined,M,12,12,0,18,12,26.91,20.16,6.75,0.300000012,00:00.0,04:00.0,
383,146,Halloween skull mask (Gray) S,Steel Gray,Each,Carton,Undefined,S,12,12,0,18,12,26.91,20.16,6.75,0.300000012,00:00.0,04:00.0,
384,145,Halloween zombie mask (Light Brown) XL,Light Brown,Each,Carton,Undefined,XL,12,12,0,18,12,26.91,20.16,6.75,0.300000012,00:00.0,04:00.0,
385,144,Halloween zombie mask (Light Brown) L,Light Brown,Each,Carton,Undefined,L,12,12,0,18,12,26.91,20.16,6.75,0.300000012,00:00.0,04:00.0,
386,143,Halloween zombie mask (Light Brown) M,Light Brown,Each,Carton,Undefined,M,12,12,0,18,12,26.91,20.16,6.75,0.300000012,00:00.0,04:00.0,
387,142,Halloween zombie mask (Light Brown) S,Light Brown,Each,Carton,Undefined,S,12,12,0,18,12,26.91,20.16,6.75,0.300000012,00:00.0,04:00.0,
388,152,Pack of 12 action figures (female),Unknown,Packet,Packet,Undefined,Undefined,2,1,0,16,2,23.92,16.32,7.6,0.25,00:00.0,05:00.0,
389,151,Pack of 12 action figures (male),Unknown,Packet,Packet,Undefined,Undefined,2,1,0,16,2,23.92,16.32,7.6,0.25,00:00.0,05:00.0,
390,150,Pack of 12 action figures (variety),Unknown,Packet,Packet,Undefined,Undefined,2,1,0,16,2,23.92,16.32,7.6,0.25,00:00.0,05:00.0,
391,75,Ride on big wheel monster truck (Black) 1/12 scale,Black,Each,Each,Northwind,1/12 scale,14,1,0,345,14,515.78,393.3,122.48,21,00:00.0,06:00.0,
392,72,Ride on toy sedan car (Pink) 1/12 scale,Unknown,Each,Each,Northwind,1/12 scale,14,1,0,230,14,343.85,262.2,81.65,15,00:00.0,06:00.0,
393,71,Ride on toy sedan car (Yellow) 1/12 scale,Yellow,Each,Each,Northwind,1/12 scale,14,1,0,230,14,343.85,262.2,81.65,15,00:00.0,06:00.0,
394,70,Ride on toy sedan car (Green) 1/12 scale,Unknown,Each,Each,Northwind,1/12 scale,14,1,0,230,14,343.85,262.2,81.65,15,00:00.0,06:00.0,
395,69,Ride on toy sedan car (Blue) 1/12 scale,Blue,Each,Each,Northwind,1/12 scale,14,1,0,230,14,343.85,262.2,81.65,15,00:00.0,06:00.0,
396,68,Ride on toy sedan car (Red) 1/12 scale,Red,Each,Each,Northwind,1/12 scale,14,1,0,230,14,343.85,262.2,81.65,15,00:00.0,06:00.0,
397,67,Ride on toy sedan car (Black) 1/12 scale,Black,Each,Each,Northwind,1/12 scale,14,1,0,230,14,343.85,262.2,81.65,15,00:00.0,06:00.0,
398,3,Office cube periscope (Black),Black,Each,Carton,Undefined,Undefined,14,10,0,18.5,14,27.66,21.09,6.57,0.25,00:00.0,00:00.0,
399,76,The Gu red shirt XML tag t-shirt (White) 3XS,White,Each,Carton,Undefined,3XS,7,12,0,18,7,26.91,19.26,7.65,0.25,00:00.0,00:00.0,
400,77,The Gu red shirt XML tag t-shirt (White) XXS,White,Each,Carton,Undefined,XXS,7,12,0,18,7,26.91,19.26,7.65,0.25,00:00.0,00:00.0,
401,78,The Gu red shirt XML tag t-shirt (White) XS,White,Each,Carton,Undefined,XS,7,12,0,18,7,26.91,19.26,7.65,0.25,00:00.0,00:00.0,
402,79,The Gu red shirt XML tag t-shirt (White) S,White,Each,Carton,Undefined,S,7,12,0,18,7,26.91,19.26,7.65,0.300000012,00:00.0,00:00.0,
403,80,The Gu red shirt XML tag t-shirt (White) M,White,Each,Carton,Undefined,M,7,12,0,18,7,26.91,19.26,7.65,0.349999994,00:00.0,00:00.0,
404,81,The Gu red shirt XML tag t-shirt (White) L,White,Each,Carton,Undefined,L,7,12,0,18,7,26.91,19.26,7.65,0.349999994,00:00.0,00:00.0,
405,82,The Gu red shirt XML tag t-shirt (White) XL,White,Each,Carton,Undefined,XL,7,12,0,18,7,26.91,19.26,7.65,0.349999994,00:00.0,00:00.0,
406,83,The Gu red shirt XML tag t-shirt (White) XXL,White,Each,Carton,Undefined,XXL,7,12,0,18,7,26.91,19.26,7.65,0.400000006,00:00.0,00:00.0,
407,84,The Gu red shirt XML tag t-shirt (White) 3XL,White,Each,Carton,Undefined,3XL,7,12,0,18,7,26.91,19.26,7.65,0.400000006,00:00.0,00:00.0,
408,85,The Gu red shirt XML tag t-shirt (White) 4XL,White,Each,Carton,Undefined,4XL,7,12,0,18,7,26.91,19.26,7.65,0.400000006,00:00.0,00:00.0,
409,86,The Gu red shirt XML tag t-shirt (White) 5XL,White,Each,Carton,Undefined,5XL,7,12,0,18,7,26.91,19.26,7.65,0.400000006,00:00.0,00:00.0,
410,87,The Gu red shirt XML tag t-shirt (White) 6XL,White,Each,Carton,Undefined,6XL,7,12,0,18,7,26.91,19.26,7.65,0.400000006,00:00.0,00:00.0,
411,88,The Gu red shirt XML tag t-shirt (White) 7XL,White,Each,Carton,Undefined,7XL,7,12,0,18,7,26.91,19.26,7.65,0.449999988,00:00.0,00:00.0,
412,89,The Gu red shirt XML tag t-shirt (Black) 3XS,Black,Each,Carton,Undefined,3XS,7,12,0,18,7,26.91,19.26,7.65,0.25,00:00.0,00:00.0,
413,90,The Gu red shirt XML tag t-shirt (Black) XXS,Black,Each,Carton,Undefined,XXS,7,12,0,18,7,26.91,19.26,7.65,0.25,00:00.0,00:00.0,
414,91,The Gu red shirt XML tag t-shirt (Black) XS,Black,Each,Carton,Undefined,XS,7,12,0,18,7,26.91,19.26,7.65,0.25,00:00.0,00:00.0,
415,92,The Gu red shirt XML tag t-shirt (Black) S,Black,Each,Carton,Undefined,S,7,12,0,18,7,26.91,19.26,7.65,0.300000012,00:00.0,00:00.0,
416,93,The Gu red shirt XML tag t-shirt (Black) M,Black,Each,Carton,Undefined,M,7,12,0,18,7,26.91,19.26,7.65,0.349999994,00:00.0,00:00.0,
417,94,The Gu red shirt XML tag t-shirt (Black) L,Black,Each,Carton,Undefined,L,7,12,0,18,7,26.91,19.26,7.65,0.349999994,00:00.0,00:00.0,
418,95,The Gu red shirt XML tag t-shirt (Black) XL,Black,Each,Carton,Undefined,XL,7,12,0,18,7,26.91,19.26,7.65,0.349999994,00:00.0,00:00.0,
419,96,The Gu red shirt XML tag t-shirt (Black) XXL,Black,Each,Carton,Undefined,XXL,7,12,0,18,7,26.91,19.26,7.65,0.400000006,00:00.0,00:00.0,
420,97,The Gu red shirt XML tag t-shirt (Black) 3XL,Black,Each,Carton,Undefined,3XL,7,12,0,18,7,26.91,19.26,7.65,0.400000006,00:00.0,00:00.0,
421,98,The Gu red shirt XML tag t-shirt (Black) 4XL,Black,Each,Carton,Undefined,4XL,7,12,0,18,7,26.91,19.26,7.65,0.400000006,00:00.0,00:00.0,
422,99,The Gu red shirt XML tag t-shirt (Black) 5XL,Black,Each,Carton,Undefined,5XL,7,12,0,18,7,26.91,19.26,7.65,0.400000006,00:00.0,00:00.0,
423,100,The Gu red shirt XML tag t-shirt (Black) 6XL,Black,Each,Carton,Undefined,6XL,7,12,0,18,7,26.91,19.26,7.65,0.400000006,00:00.0,00:00.0,
424,101,The Gu red shirt XML tag t-shirt (Black) 7XL,Black,Each,Carton,Undefined,7XL,7,12,0,18,7,26.91,19.26,7.65,0.449999988,00:00.0,00:00.0,
425,102,Alien officer hoodie (Black) XL,Black,Each,Each,Undefined,XL,12,1,0,35,12,52.33,39.2,13.13,0.400000006,00:00.0,00:00.0,
426,103,Alien officer hoodie (Black) XXL,Black,Each,Each,Undefined,XXL,12,1,0,35,12,52.33,39.2,13.13,0.400000006,00:00.0,00:00.0,
427,104,Alien officer hoodie (Black) 3XL,Black,Each,Each,Undefined,3XL,12,1,0,35,12,52.33,39.2,13.13,0.400000006,00:00.0,00:00.0,
428,105,Alien officer hoodie (Black) 4XL,Black,Each,Each,Undefined,4XL,12,1,0,35,12,52.33,39.2,13.13,0.400000006,00:00.0,00:00.0,
429,106,Alien officer hoodie (Black) 5XL,Black,Each,Each,Undefined,5XL,12,1,0,35,12,52.33,39.2,13.13,0.400000006,00:00.0,00:00.0,
430,107,Superhero action jacket (Blue) 3XS,Blue,Each,Each,Undefined,3XS,12,1,0,25,12,37.38,28,9.38,0.300000012,00:00.0,00:00.0,
431,108,Superhero action jacket (Blue) XXS,Blue,Each,Each,Undefined,XXS,12,1,0,25,12,37.38,28,9.38,0.300000012,00:00.0,00:00.0,
432,109,Superhero action jacket (Blue) XS,Blue,Each,Each,Undefined,XS,12,1,0,25,12,37.38,28,9.38,0.300000012,00:00.0,00:00.0,
433,110,Superhero action jacket (Blue) S,Blue,Each,Each,Undefined,S,12,1,0,25,12,37.38,28,9.38,0.300000012,00:00.0,00:00.0,
434,111,Superhero action jacket (Blue) M,Blue,Each,Each,Undefined,M,12,1,0,30,12,44.85,33.6,11.25,0.349999994,00:00.0,00:00.0,
435,112,Superhero action jacket (Blue) L,Blue,Each,Each,Undefined,L,12,1,0,30,12,44.85,33.6,11.25,0.349999994,00:00.0,00:00.0,
436,113,Superhero action jacket (Blue) XL,Blue,Each,Each,Undefined,XL,12,1,0,30,12,44.85,33.6,11.25,0.349999994,00:00.0,00:00.0,
437,114,Superhero action jacket (Blue) XXL,Blue,Each,Each,Undefined,XXL,12,1,0,30,12,44.85,33.6,11.25,0.349999994,00:00.0,00:00.0,
438,115,Superhero action jacket (Blue) 3XL,Blue,Each,Each,Undefined,3XL,12,1,0,34,12,50.83,38.08,12.75,0.400000006,00:00.0,00:00.0,
439,116,Superhero action jacket (Blue) 4XL,Blue,Each,Each,Undefined,4XL,12,1,0,34,12,50.83,38.08,12.75,0.400000006,00:00.0,00:00.0,
440,117,Superhero action jacket (Blue) 5XL,Blue,Each,Each,Undefined,5XL,12,1,0,34,12,50.83,38.08,12.75,0.400000006,00:00.0,00:00.0,
441,138,Furry animal socks (Pink) S,Unknown,Pair,Packet,Undefined,S,12,12,0,5,12,7.48,5.6,1.88,0.100000001,00:00.0,00:00.0,
442,139,Furry animal socks (Pink) M,Unknown,Pair,Packet,Undefined,M,12,12,0,5,12,7.48,5.6,1.88,0.100000001,00:00.0,00:00.0,
443,140,Furry animal socks (Pink) L,Unknown,Pair,Packet,Undefined,L,12,12,0,5,12,7.48,5.6,1.88,0.100000001,00:00.0,00:00.0,
444,141,Furry animal socks (Pink) XL,Unknown,Pair,Packet,Undefined,XL,12,12,0,5,12,7.48,5.6,1.88,0.100000001,00:00.0,00:00.0,
445,220,Novelty chilli chocolates 250g,Unknown,Bag,Carton,Undefined,250g,3,24,1,8.550000191,3,12.23,8.806500196,3.423499804,0.25,00:00.0,00:00.0,
446,221,Novelty chilli chocolates 500g,Unknown,Bag,Carton,Undefined,500g,3,12,1,14.5,3,20.74,14.935,5.805,0.5,00:00.0,00:00.0,
447,222,Chocolate beetles 250g,Unknown,Bag,Carton,Undefined,250g,3,24,1,8.55E+00,3,12.23,8.806500196,3.423499804,0.25,00:00.0,00:00.0,
448,223,Chocolate echidnas 250g,Unknown,Bag,Carton,Undefined,250g,3,24,1,8.55E+00,3,12.23,8.806500196,3.423499804,0.25,00:00.0,00:00.0,
449,224,Chocolate frogs 250g,Unknown,Bag,Carton,Undefined,250g,3,24,1,8.55E+00,3,12.23,8.806500196,3.423499804,0.25,00:00.0,00:00.0,
450,225,Chocolate sharks 250g,Unknown,Bag,Carton,Undefined,250g,3,24,1,8.55E+00,3,12.23,8.806500196,3.423499804,0.25,00:00.0,00:00.0,
451,226,White chocolate snow balls 250g,Unknown,Bag,Carton,Undefined,250g,3,24,1,8.55E+00,3,12.23,8.806500196,3.423499804,0.25,00:00.0,00:00.0,
452,227,White chocolate moon rocks 250g,Unknown,Bag,Carton,Undefined,250g,3,24,1,8.55E+00,3,12.23,8.806500196,3.423499804,0.25,00:00.0,00:00.0,
453,74,Ride on vintage American toy coupe (Black) 1/12 scale,Black,Each,Each,Northwind,1/12 scale,14,1,0,2.85E+02,14,426.08,324.9,101.18,18,00:00.0,03:00.0,
454,73,Ride on vintage American toy coupe (Red) 1/12 scale,Red,Each,Each,Northwind,1/12 scale,14,1,0,2.85E+02,14,426.08,324.9,101.18,18,00:00.0,03:00.0,
455,66,RC big wheel monster truck with remote control (Black) 1/50 scale,Black,Each,Each,Northwind,1/50 scale,14,1,0,45,14,67.28,51.3,15.98,1.799999952,01:00.0,02:00.0,
456,65,RC vintage American toy coupe with remote control (Black) 1/50 scale,Black,Each,Each,Northwind,1/50 scale,14,1,0,30,14,44.85,34.2,10.65,1.700000048,01:00.0,02:00.0,
457,64,RC vintage American toy coupe with remote control (Red) 1/50 scale,Red,Each,Each,Northwind,1/50 scale,14,1,0,30,14,44.85,34.2,10.65,1.700000048,01:00.0,02:00.0,
458,63,RC toy sedan car with remote control (Pink) 1/50 scale,Unknown,Each,Each,Northwind,1/50 scale,14,1,0,25,14,37.38,28.5,8.88,1.5,01:00.0,02:00.0,
459,62,RC toy sedan car with remote control (Yellow) 1/50 scale,Yellow,Each,Each,Northwind,1/50 scale,14,1,0,25,14,37.38,28.5,8.88,1.5,01:00.0,02:00.0,
460,61,RC toy sedan car with remote control (Green) 1/50 scale,Unknown,Each,Each,Northwind,1/50 scale,14,1,0,25,14,37.38,28.5,8.88,1.5,01:00.0,02:00.0,
461,60,RC toy sedan car with remote control (Blue) 1/50 scale,Blue,Each,Each,Northwind,1/50 scale,14,1,0,25,14,37.38,28.5,8.88,1.5,01:00.0,02:00.0,
462,59,RC toy sedan car with remote control (Red) 1/50 scale,Red,Each,Each,Northwind,1/50 scale,14,1,0,25,14,37.38,28.5,8.88,1.5,01:00.0,02:00.0,
463,58,RC toy sedan car with remote control (Black) 1/50 scale,Black,Each,Each,Northwind,1/50 scale,14,1,0,25,14,37.38,28.5,8.88,1.5,01:00.0,02:00.0,
464,65,RC vintage American toy coupe with remote control (Black) 1/50 scale,Black,Each,Each,Northwind,1/50 scale,14,1,0,30,14,44.85,34.2,10.65,1.700000048,02:00.0,03:00.0,
465,64,RC vintage American toy coupe with remote control (Red) 1/50 scale,Red,Each,Each,Northwind,1/50 scale,14,1,0,30,14,44.85,34.2,10.65,1.700000048,02:00.0,03:00.0,
466,66,RC big wheel monster truck with remote control (Black) 1/50 scale,Black,Each,Each,Northwind,1/50 scale,14,1,0,45,14,67.28,51.3,15.98,1.799999952,02:00.0,00:00.0,
467,58,RC toy sedan car with remote control (Black) 1/50 scale,Black,Each,Each,Northwind,1/50 scale,14,1,0,25,14,37.38,28.5,8.88,1.5,02:00.0,00:00.0,
468,59,RC toy sedan car with remote control (Red) 1/50 scale,Red,Each,Each,Northwind,1/50 scale,14,1,0,25,14,37.38,28.5,8.88,1.5,02:00.0,00:00.0,
469,60,RC toy sedan car with remote control (Blue) 1/50 scale,Blue,Each,Each,Northwind,1/50 scale,14,1,0,25,14,37.38,28.5,8.88,1.5,02:00.0,00:00.0,
470,61,RC toy sedan car with remote control (Green) 1/50 scale,Unknown,Each,Each,Northwind,1/50 scale,14,1,0,25,14,37.38,28.5,8.88,1.5,02:00.0,00:00.0,
471,62,RC toy sedan car with remote control (Yellow) 1/50 scale,Yellow,Each,Each,Northwind,1/50 scale,14,1,0,25,14,37.38,28.5,8.88,1.5,02:00.0,00:00.0,
472,63,RC toy sedan car with remote control (Pink) 1/50 scale,Unknown,Each,Each,Northwind,1/50 scale,14,1,0,25,14,37.38,28.5,8.88,1.5,02:00.0,00:00.0,
473,64,RC vintage American toy coupe with remote control (Red) 1/50 scale,Red,Each,Each,Northwind,1/50 scale,14,1,0,30,14,44.85,34.2,10.65,1.700000048,03:00.0,00:00.0,
474,65,RC vintage American toy coupe with remote control (Black) 1/50 scale,Black,Each,Each,Northwind,1/50 scale,14,1,0,30,14,44.85,34.2,10.65,1.700000048,03:00.0,00:00.0,
475,74,Ride on vintage American toy coupe (Black) 1/12 scale,Black,Each,Each,Northwind,1/12 scale,14,1,0,285,14,426.08,324.9,101.18,18,03:00.0,06:00.0,
476,73,Ride on vintage American toy coupe (Red) 1/12 scale,Red,Each,Each,Northwind,1/12 scale,14,1,0,285,14,426.08,324.9,101.18,18,03:00.0,06:00.0,
477,142,Halloween zombie mask (Light Brown) S,Light Brown,Each,Carton,Undefined,S,12,12,0,18,12,26.91,20.16,6.75,0.300000012,04:00.0,00:00.0,
478,143,Halloween zombie mask (Light Brown) M,Light Brown,Each,Carton,Undefined,M,12,12,0,18,12,26.91,20.16,6.75,0.300000012,04:00.0,00:00.0,
479,144,Halloween zombie mask (Light Brown) L,Light Brown,Each,Carton,Undefined,L,12,12,0,18,12,26.91,20.16,6.75,0.300000012,04:00.0,00:00.0,
480,145,Halloween zombie mask (Light Brown) XL,Light Brown,Each,Carton,Undefined,XL,12,12,0,18,12,26.91,20.16,6.75,0.300000012,04:00.0,00:00.0,
481,146,Halloween skull mask (Gray) S,Steel Gray,Each,Carton,Undefined,S,12,12,0,18,12,26.91,20.16,6.75,0.300000012,04:00.0,00:00.0,
482,147,Halloween skull mask (Gray) M,Steel Gray,Each,Carton,Undefined,M,12,12,0,18,12,26.91,20.16,6.75,0.300000012,04:00.0,00:00.0,
483,148,Halloween skull mask (Gray) L,Steel Gray,Each,Carton,Undefined,L,12,12,0,18,12,26.91,20.16,6.75,0.300000012,04:00.0,00:00.0,
484,149,Halloween skull mask (Gray) XL,Steel Gray,Each,Carton,Undefined,XL,12,12,0,18,12,26.91,20.16,6.75,0.300000012,04:00.0,00:00.0,
485,150,Pack of 12 action figures (variety),Unknown,Packet,Packet,Undefined,Undefined,2,1,0,16,2,23.92,16.32,7.6,0.25,05:00.0,00:00.0,
486,151,Pack of 12 action figures (male),Unknown,Packet,Packet,Undefined,Undefined,2,1,0,16,2,23.92,16.32,7.6,0.25,05:00.0,00:00.0,
487,152,Pack of 12 action figures (female),Unknown,Packet,Packet,Undefined,Undefined,2,1,0,16,2,23.92,16.32,7.6,0.25,05:00.0,00:00.0,
488,67,Ride on toy sedan car (Black) 1/12 scale,Black,Each,Each,Northwind,1/12 scale,14,1,0,230,14,343.85,262.2,81.65,15,06:00.0,00:00.0,
489,68,Ride on toy sedan car (Red) 1/12 scale,Red,Each,Each,Northwind,1/12 scale,14,1,0,230,14,343.85,262.2,81.65,15,06:00.0,00:00.0,
490,69,Ride on toy sedan car (Blue) 1/12 scale,Blue,Each,Each,Northwind,1/12 scale,14,1,0,230,14,343.85,262.2,81.65,15,06:00.0,00:00.0,
491,70,Ride on toy sedan car (Green) 1/12 scale,Unknown,Each,Each,Northwind,1/12 scale,14,1,0,230,14,343.85,262.2,81.65,15,06:00.0,00:00.0,
492,71,Ride on toy sedan car (Yellow) 1/12 scale,Yellow,Each,Each,Northwind,1/12 scale,14,1,0,230,14,343.85,262.2,81.65,15,06:00.0,00:00.0,
493,72,Ride on toy sedan car (Pink) 1/12 scale,Unknown,Each,Each,Northwind,1/12 scale,14,1,0,230,14,343.85,262.2,81.65,15,06:00.0,00:00.0,
494,73,Ride on vintage American toy coupe (Red) 1/12 scale,Red,Each,Each,Northwind,1/12 scale,14,1,0,285,14,426.08,324.9,101.18,18,06:00.0,00:00.0,
495,74,Ride on vintage American toy coupe (Black) 1/12 scale,Black,Each,Each,Northwind,1/12 scale,14,1,0,285,14,426.08,324.9,101.18,18,06:00.0,00:00.0,
496,75,Ride on big wheel monster truck (Black) 1/12 scale,Black,Each,Each,Northwind,1/12 scale,14,1,0,345,14,515.78,393.3,122.48,21,06:00.0,00:00.0,
497,137,Animal with big feet slippers (Brown) XL,Unknown,Each,Each,Undefined,XL,12,1,0,32,12,47.84,35.84,12,0.400000006,07:00.0,08:00.0,
498,136,Animal with big feet slippers (Brown) L,Unknown,Each,Each,Undefined,L,12,1,0,32,12,47.84,35.84,12,0.349999994,07:00.0,08:00.0,
499,135,Animal with big feet slippers (Brown) M,Unknown,Each,Each,Undefined,M,12,1,0,32,12,47.84,35.84,12,0.349999994,07:00.0,08:00.0,
500,134,Animal with big feet slippers (Brown) S,Unknown,Each,Each,Undefined,S,12,1,0,32,12,47.84,35.84,12,0.349999994,07:00.0,08:00.0,
501,133,Furry gorilla with big eyes slippers (Black) XL,Black,Each,Each,Undefined,XL,12,1,0,32,12,47.84,35.84,12,0.400000006,07:00.0,08:00.0,
502,132,Furry gorilla with big eyes slippers (Black) L,Black,Each,Each,Undefined,L,12,1,0,32,12,47.84,35.84,12,0.349999994,07:00.0,08:00.0,
503,131,Furry gorilla with big eyes slippers (Black) M,Black,Each,Each,Undefined,M,12,1,0,32,12,47.84,35.84,12,0.349999994,07:00.0,08:00.0,
504,130,Furry gorilla with big eyes slippers (Black) S,Black,Each,Each,Undefined,S,12,1,0,32,12,47.84,35.84,12,0.349999994,07:00.0,08:00.0,
505,129,Plush shark slippers (Gray) XL,Steel Gray,Each,Each,Undefined,XL,12,1,0,32,12,47.84,35.84,12,0.400000006,07:00.0,08:00.0,
506,128,Plush shark slippers (Gray) L,Steel Gray,Each,Each,Undefined,L,12,1,0,32,12,47.84,35.84,12,0.349999994,07:00.0,08:00.0,
507,127,Plush shark slippers (Gray) M,Steel Gray,Each,Each,Undefined,M,12,1,0,32,12,47.84,35.84,12,0.349999994,07:00.0,08:00.0,
508,126,Plush shark slippers (Gray) S,Steel Gray,Each,Each,Undefined,S,12,1,0,32,12,47.84,35.84,12,0.349999994,07:00.0,08:00.0,
509,125,Ogre battery-powered slippers (Green) XL,Unknown,Each,Each,Undefined,XL,12,1,0,32,12,47.84,35.84,12,0.400000006,07:00.0,08:00.0,
510,124,Ogre battery-powered slippers (Green) L,Unknown,Each,Each,Undefined,L,12,1,0,32,12,47.84,35.84,12,0.349999994,07:00.0,08:00.0,
511,123,Ogre battery-powered slippers (Green) M,Unknown,Each,Each,Undefined,M,12,1,0,32,12,47.84,35.84,12,0.349999994,07:00.0,08:00.0,
512,122,Ogre battery-powered slippers (Green) S,Unknown,Each,Each,Undefined,S,12,1,0,32,12,47.84,35.84,12,0.349999994,07:00.0,08:00.0,
513,121,Dinosaur battery-powered slippers (Green) XL,Unknown,Each,Each,Undefined,XL,12,1,0,32,12,47.84,35.84,12,0.400000006,07:00.0,08:00.0,
514,120,Dinosaur battery-powered slippers (Green) L,Unknown,Each,Each,Undefined,L,12,1,0,32,12,47.84,35.84,12,0.349999994,07:00.0,08:00.0,
515,119,Dinosaur battery-powered slippers (Green) M,Unknown,Each,Each,Undefined,M,12,1,0,32,12,47.84,35.84,12,0.349999994,07:00.0,08:00.0,
516,118,Dinosaur battery-powered slippers (Green) S,Unknown,Each,Each,Undefined,S,12,1,0,32,12,47.84,35.84,12,0.349999994,07:00.0,08:00.0,
517,118,Dinosaur battery-powered slippers (Green) S,Unknown,Each,Each,Undefined,S,12,1,0,32,12,47.84,35.84,12,0.349999994,08:00.0,00:00.0,
518,119,Dinosaur battery-powered slippers (Green) M,Unknown,Each,Each,Undefined,M,12,1,0,32,12,47.84,35.84,12,0.349999994,08:00.0,00:00.0,
519,120,Dinosaur battery-powered slippers (Green) L,Unknown,Each,Each,Undefined,L,12,1,0,32,12,47.84,35.84,12,0.349999994,08:00.0,00:00.0,
520,121,Dinosaur battery-powered slippers (Green) XL,Unknown,Each,Each,Undefined,XL,12,1,0,32,12,47.84,35.84,12,0.400000006,08:00.0,00:00.0,
521,122,Ogre battery-powered slippers (Green) S,Unknown,Each,Each,Undefined,S,12,1,0,32,12,47.84,35.84,12,0.349999994,08:00.0,00:00.0,
522,123,Ogre battery-powered slippers (Green) M,Unknown,Each,Each,Undefined,M,12,1,0,32,12,47.84,35.84,12,0.349999994,08:00.0,00:00.0,
523,124,Ogre battery-powered slippers (Green) L,Unknown,Each,Each,Undefined,L,12,1,0,32,12,47.84,35.84,12,0.349999994,08:00.0,00:00.0,
524,125,Ogre battery-powered slippers (Green) XL,Unknown,Each,Each,Undefined,XL,12,1,0,32,12,47.84,35.84,12,0.400000006,08:00.0,00:00.0,
525,126,Plush shark slippers (Gray) S,Steel Gray,Each,Each,Undefined,S,12,1,0,32,12,47.84,35.84,12,0.349999994,08:00.0,00:00.0,
526,127,Plush shark slippers (Gray) M,Steel Gray,Each,Each,Undefined,M,12,1,0,32,12,47.84,35.84,12,0.349999994,08:00.0,00:00.0,
527,128,Plush shark slippers (Gray) L,Steel Gray,Each,Each,Undefined,L,12,1,0,32,12,47.84,35.84,12,0.349999994,08:00.0,00:00.0,
528,129,Plush shark slippers (Gray) XL,Steel Gray,Each,Each,Undefined,XL,12,1,0,32,12,47.84,35.84,12,0.400000006,08:00.0,00:00.0,
529,130,Furry gorilla with big eyes slippers (Black) S,Black,Each,Each,Undefined,S,12,1,0,32,12,47.84,35.84,12,0.349999994,08:00.0,00:00.0,
530,131,Furry gorilla with big eyes slippers (Black) M,Black,Each,Each,Undefined,M,12,1,0,32,12,47.84,35.84,12,0.349999994,08:00.0,00:00.0,
531,132,Furry gorilla with big eyes slippers (Black) L,Black,Each,Each,Undefined,L,12,1,0,32,12,47.84,35.84,12,0.349999994,08:00.0,00:00.0,
532,133,Furry gorilla with big eyes slippers (Black) XL,Black,Each,Each,Undefined,XL,12,1,0,32,12,47.84,35.84,12,0.400000006,08:00.0,00:00.0,
533,134,Animal with big feet slippers (Brown) S,Unknown,Each,Each,Undefined,S,12,1,0,32,12,47.84,35.84,12,0.349999994,08:00.0,00:00.0,
534,135,Animal with big feet slippers (Brown) M,Unknown,Each,Each,Undefined,M,12,1,0,32,12,47.84,35.84,12,0.349999994,08:00.0,00:00.0,
535,136,Animal with big feet slippers (Brown) L,Unknown,Each,Each,Undefined,L,12,1,0,32,12,47.84,35.84,12,0.349999994,08:00.0,00:00.0,
536,137,Animal with big feet slippers (Brown) XL,Unknown,Each,Each,Undefined,XL,12,1,0,32,12,47.84,35.84,12,0.400000006,08:00.0,00:00.0,
537,15,USB food flash drive - dessert 10 drive variety pack,Unknown,Packet,Packet,Undefined,Undefined,14,1,0,240,14,358.8,273.6,85.2,0.5,09:00.0,11:00.0,
538,14,USB food flash drive - fortune cookie,Unknown,Each,Each,Undefined,Undefined,14,1,0,32,14,47.84,36.48,11.36,0.050000001,09:00.0,11:00.0,
539,13,USB food flash drive - shrimp cocktail,Unknown,Each,Each,Undefined,Undefined,14,1,0,32,14,47.84,36.48,11.36,0.050000001,09:00.0,11:00.0,
540,12,USB food flash drive - donut,Unknown,Each,Each,Undefined,Undefined,14,1,0,32,14,47.84,36.48,11.36,0.050000001,09:00.0,11:00.0,
541,11,USB food flash drive - cookie,Unknown,Each,Each,Undefined,Undefined,14,1,0,32,14,47.84,36.48,11.36,0.050000001,09:00.0,11:00.0,
542,10,USB food flash drive - chocolate bar,Unknown,Each,Each,Undefined,Undefined,14,1,0,32,14,47.84,36.48,11.36,0.050000001,09:00.0,11:00.0,
543,9,USB food flash drive - banana,Unknown,Each,Each,Undefined,Undefined,14,1,0,32,14,47.84,36.48,11.36,0.050000001,09:00.0,11:00.0,
544,8,USB food flash drive - dim sum 10 drive variety pack,Unknown,Packet,Packet,Undefined,Undefined,14,1,0,240,14,358.8,273.6,85.2,0.5,09:00.0,11:00.0,
545,7,USB food flash drive - pizza slice,Unknown,Each,Each,Undefined,Undefined,14,1,0,32,14,47.84,36.48,11.36,0.050000001,09:00.0,11:00.0,
546,6,USB food flash drive - hot dog,Unknown,Each,Each,Undefined,Undefined,14,1,0,32,14,47.84,36.48,11.36,0.050000001,09:00.0,11:00.0,
547,5,USB food flash drive - hamburger,Unknown,Each,Each,Undefined,Undefined,14,1,0,32,14,47.84,36.48,11.36,0.050000001,09:00.0,11:00.0,
548,4,USB food flash drive - sushi roll,Unknown,Each,Each,Undefined,Undefined,14,1,0,32,14,47.84,36.48,11.36,0.050000001,09:00.0,11:00.0,
549,16,DBA joke mug - mind if I join you? (White),White,Each,Each,Undefined,Undefined,12,1,0,13,12,19.44,14.56,4.88,0.150000006,10:00.0,00:00.0,
550,17,DBA joke mug - mind if I join you? (Black),Black,Each,Each,Undefined,Undefined,12,1,0,13,12,19.44,14.56,4.88,0.150000006,10:00.0,00:00.0,
551,18,DBA joke mug - daaaaaa-ta (White),White,Each,Each,Undefined,Undefined,12,1,0,13,12,19.44,14.56,4.88,0.150000006,10:00.0,00:00.0,
552,19,DBA joke mug - daaaaaa-ta (Black),Black,Each,Each,Undefined,Undefined,12,1,0,13,12,19.44,14.56,4.88,0.150000006,10:00.0,00:00.0,
553,20,DBA joke mug - you might be a DBA if (White),White,Each,Each,Undefined,Undefined,12,1,0,13,12,19.44,14.56,4.88,0.150000006,10:00.0,00:00.0,
554,21,DBA joke mug - you might be a DBA if (Black),Black,Each,Each,Undefined,Undefined,12,1,0,13,12,19.44,14.56,4.88,0.150000006,10:00.0,00:00.0,
555,22,DBA joke mug - it depends (White),White,Each,Each,Undefined,Undefined,12,1,0,13,12,19.44,14.56,4.88,0.150000006,10:00.0,00:00.0,
556,23,DBA joke mug - it depends (Black),Black,Each,Each,Undefined,Undefined,12,1,0,13,12,19.44,14.56,4.88,0.150000006,10:00.0,00:00.0,
557,24,DBA joke mug - I will get you in order (White),White,Each,Each,Undefined,Undefined,12,1,0,13,12,19.44,14.56,4.88,0.150000006,10:00.0,00:00.0,
558,25,DBA joke mug - I will get you in order (Black),Black,Each,Each,Undefined,Undefined,12,1,0,13,12,19.44,14.56,4.88,0.150000006,10:00.0,00:00.0,
559,26,DBA joke mug - SELECT caffeine FROM mug (White),White,Each,Each,Undefined,Undefined,12,1,0,13,12,19.44,14.56,4.88,0.150000006,10:00.0,00:00.0,
560,27,DBA joke mug - SELECT caffeine FROM mug (Black),Black,Each,Each,Undefined,Undefined,12,1,0,13,12,19.44,14.56,4.88,0.150000006,10:00.0,00:00.0,
561,28,DBA joke mug - two types of DBAs (White),White,Each,Each,Undefined,Undefined,12,1,0,13,12,19.44,14.56,4.88,0.150000006,10:00.0,00:00.0,
562,29,DBA joke mug - two types of DBAs (Black),Black,Each,Each,Undefined,Undefined,12,1,0,13,12,19.44,14.56,4.88,0.150000006,10:00.0,00:00.0,
563,30,Developer joke mug - Oct 31 = Dec 25 (White),White,Each,Each,Undefined,Undefined,12,1,0,13,12,19.44,14.56,4.88,0.150000006,10:00.0,00:00.0,
564,31,Developer joke mug - Oct 31 = Dec 25 (Black),Black,Each,Each,Undefined,Undefined,12,1,0,13,12,19.44,14.56,4.88,0.150000006,10:00.0,00:00.0,
565,32,Developer joke mug - that's a hardware problem (White),White,Each,Each,Undefined,Undefined,12,1,0,13,12,19.44,14.56,4.88,0.150000006,10:00.0,00:00.0,
566,33,Developer joke mug - that's a hardware problem (Black),Black,Each,Each,Undefined,Undefined,12,1,0,13,12,19.44,14.56,4.88,0.150000006,10:00.0,00:00.0,
567,34,Developer joke mug - fun was unexpected at this time (White),White,Each,Each,Undefined,Undefined,12,1,0,13,12,19.44,14.56,4.88,0.150000006,10:00.0,00:00.0,
568,35,Developer joke mug - fun was unexpected at this time (Black),Black,Each,Each,Undefined,Undefined,12,1,0,13,12,19.44,14.56,4.88,0.150000006,10:00.0,00:00.0,
569,36,Developer joke mug - when your hammer is C++ (White),White,Each,Each,Undefined,Undefined,12,1,0,13,12,19.44,14.56,4.88,0.150000006,10:00.0,00:00.0,
570,37,Developer joke mug - when your hammer is C++ (Black),Black,Each,Each,Undefined,Undefined,12,1,0,13,12,19.44,14.56,4.88,0.150000006,10:00.0,00:00.0,
571,38,Developer joke mug - inheritance is the OO way to become wealthy (White),White,Each,Each,Undefined,Undefined,12,1,0,13,12,19.44,14.56,4.88,0.150000006,10:00.0,00:00.0,
572,39,Developer joke mug - inheritance is the OO way to become wealthy (Black),Black,Each,Each,Undefined,Undefined,12,1,0,13,12,19.44,14.56,4.88,0.150000006,10:00.0,00:00.0,
573,40,"Developer joke mug - (hip, hip, array) (White)",White,Each,Each,Undefined,Undefined,12,1,0,13,12,19.44,14.56,4.88,0.150000006,10:00.0,00:00.0,
574,41,"Developer joke mug - (hip, hip, array) (Black)",Black,Each,Each,Undefined,Undefined,12,1,0,13,12,19.44,14.56,4.88,0.150000006,10:00.0,00:00.0,
575,42,Developer joke mug - understanding recursion requires understanding recursion (White),White,Each,Each,Undefined,Undefined,12,1,0,13,12,19.44,14.56,4.88,0.150000006,10:00.0,00:00.0,
576,43,Developer joke mug - understanding recursion requires understanding recursion (Black),Black,Each,Each,Undefined,Undefined,12,1,0,13,12,19.44,14.56,4.88,0.150000006,10:00.0,00:00.0,
577,44,Developer joke mug - there are 10 types of people in the world (White),White,Each,Each,Undefined,Undefined,12,1,0,13,12,19.44,14.56,4.88,0.150000006,10:00.0,00:00.0,
578,45,Developer joke mug - there are 10 types of people in the world (Black),Black,Each,Each,Undefined,Undefined,12,1,0,13,12,19.44,14.56,4.88,0.150000006,10:00.0,00:00.0,
579,46,Developer joke mug - a foo walks into a bar (White),White,Each,Each,Undefined,Undefined,12,1,0,13,12,19.44,14.56,4.88,0.150000006,10:00.0,00:00.0,
580,47,Developer joke mug - a foo walks into a bar (Black),Black,Each,Each,Undefined,Undefined,12,1,0,13,12,19.44,14.56,4.88,0.150000006,10:00.0,00:00.0,
581,48,Developer joke mug - this code was generated by a tool (White),White,Each,Each,Undefined,Undefined,12,1,0,13,12,19.44,14.56,4.88,0.150000006,10:00.0,00:00.0,
582,49,Developer joke mug - this code was generated by a tool (Black),Black,Each,Each,Undefined,Undefined,12,1,0,13,12,19.44,14.56,4.88,0.150000006,10:00.0,00:00.0,
583,50,Developer joke mug - old C developers never die (White),White,Each,Each,Undefined,Undefined,12,1,0,13,12,19.44,14.56,4.88,0.150000006,10:00.0,00:00.0,
584,51,Developer joke mug - old C developers never die (Black),Black,Each,Each,Undefined,Undefined,12,1,0,13,12,19.44,14.56,4.88,0.150000006,10:00.0,00:00.0,
585,52,IT joke mug - keyboard not found … press F1 to continue (White),White,Each,Each,Undefined,Undefined,12,1,0,13,12,19.44,14.56,4.88,0.150000006,10:00.0,00:00.0,
586,53,IT joke mug - keyboard not found … press F1 to continue (Black),Black,Each,Each,Undefined,Undefined,12,1,0,13,12,19.44,14.56,4.88,0.150000006,10:00.0,00:00.0,
587,54,IT joke mug - that behavior is by design (White),White,Each,Each,Undefined,Undefined,12,1,0,13,12,19.44,14.56,4.88,0.150000006,10:00.0,00:00.0,
588,55,IT joke mug - that behavior is by design (Black),Black,Each,Each,Undefined,Undefined,12,1,0,13,12,19.44,14.56,4.88,0.150000006,10:00.0,00:00.0,
589,56,IT joke mug - hardware: part of the computer that can be kicked (White),White,Each,Each,Undefined,Undefined,12,1,0,13,12,19.44,14.56,4.88,0.150000006,10:00.0,00:00.0,
590,57,IT joke mug - hardware: part of the computer that can be kicked (Black),Black,Each,Each,Undefined,Undefined,12,1,0,13,12,19.44,14.56,4.88,0.150000006,10:00.0,00:00.0,
591,4,USB food flash drive - sushi roll,Unknown,Each,Each,Undefined,Undefined,14,1,0,32,14,47.84,36.48,11.36,0.050000001,11:00.0,00:00.0,
592,5,USB food flash drive - hamburger,Unknown,Each,Each,Undefined,Undefined,14,1,0,32,14,47.84,36.48,11.36,0.050000001,11:00.0,00:00.0,
593,6,USB food flash drive - hot dog,Unknown,Each,Each,Undefined,Undefined,14,1,0,32,14,47.84,36.48,11.36,0.050000001,11:00.0,00:00.0,
594,7,USB food flash drive - pizza slice,Unknown,Each,Each,Undefined,Undefined,14,1,0,32,14,47.84,36.48,11.36,0.050000001,11:00.0,00:00.0,
595,8,USB food flash drive - dim sum 10 drive variety pack,Unknown,Packet,Packet,Undefined,Undefined,14,1,0,240,14,358.8,273.6,85.2,0.5,11:00.0,00:00.0,
596,9,USB food flash drive - banana,Unknown,Each,Each,Undefined,Undefined,14,1,0,32,14,47.84,36.48,11.36,0.050000001,11:00.0,00:00.0,
597,10,USB food flash drive - chocolate bar,Unknown,Each,Each,Undefined,Undefined,14,1,0,32,14,47.84,36.48,11.36,0.050000001,11:00.0,00:00.0,
598,11,USB food flash drive - cookie,Unknown,Each,Each,Undefined,Undefined,14,1,0,32,14,47.84,36.48,11.36,0.050000001,11:00.0,00:00.0,
599,12,USB food flash drive - donut,Unknown,Each,Each,Undefined,Undefined,14,1,0,32,14,47.84,36.48,11.36,0.050000001,11:00.0,00:00.0,
600,13,USB food flash drive - shrimp cocktail,Unknown,Each,Each,Undefined,Undefined,14,1,0,32,14,47.84,36.48,11.36,0.050000001,11:00.0,00:00.0,
601,14,USB food flash drive - fortune cookie,Unknown,Each,Each,Undefined,Undefined,14,1,0,32,14,47.84,36.48,11.36,0.050000001,11:00.0,00:00.0,
602,15,USB food flash drive - dessert 10 drive variety pack,Unknown,Packet,Packet,Undefined,Undefined,14,1,0,240,14,358.8,273.6,85.2,0.5,11:00.0,00:00.0,
603,1,USB missile launcher (Green),Unknown,Each,Each,Undefined,Undefined,14,1,0,25,14,37.38,28.5,8.88,0.300000012,11:00.0,00:00.0,
604,2,USB rocket launcher (Gray),Steel Gray,Each,Each,Undefined,Undefined,14,1,0,25,14,37.38,28.5,8.88,0.300000012,11:00.0,00:00.0,
605,153,Small sized bubblewrap roll 10m,Unknown,Each,Each,Undefined,10m,14,10,0,4.5,14,6.73,5.13,1.6,5,12:00.0,00:00.0,
606,154,Medium sized bubblewrap roll 20m,Unknown,Each,Each,Undefined,20m,14,10,0,20,14,29.9,22.8,7.1,6,12:00.0,00:00.0,
607,155,Large sized bubblewrap roll 50m,Unknown,Each,Each,Undefined,50m,14,10,0,24,14,35.88,27.36,8.52,10,12:00.0,00:00.0,
608,156,10 mm Double sided bubble wrap 10m,Unknown,Each,Each,Undefined,10m,14,10,0,15,14,22.43,17.1,5.33,5,12:00.0,00:00.0,
609,157,10 mm Double sided bubble wrap 20m,Unknown,Each,Each,Undefined,20m,14,10,0,30,14,44.85,34.2,10.65,6,12:00.0,00:00.0,
610,158,10 mm Double sided bubble wrap 50m,Unknown,Each,Each,Undefined,50m,14,10,0,105,14,156.98,119.7,37.28,10,12:00.0,00:00.0,
611,159,20 mm Double sided bubble wrap 10m,Unknown,Each,Each,Undefined,10m,14,10,0,18,14,26.91,20.52,6.39,5,12:00.0,00:00.0,
612,160,20 mm Double sided bubble wrap 20m,Unknown,Each,Each,Undefined,20m,14,10,0,33,14,49.34,37.62,11.72,6,12:00.0,00:00.0,
613,161,20 mm Double sided bubble wrap 50m,Unknown,Each,Each,Undefined,50m,14,10,0,108,14,161.46,123.12,38.34,10,12:00.0,00:00.0,
614,162,32 mm Double sided bubble wrap 10m,Unknown,Each,Each,Undefined,10m,14,10,0,22,14,32.89,25.08,7.81,5,12:00.0,00:00.0,
615,163,32 mm Double sided bubble wrap 20m,Unknown,Each,Each,Undefined,20m,14,10,0,37,14,55.32,42.18,13.14,6,12:00.0,00:00.0,
616,164,32 mm Double sided bubble wrap 50m,Unknown,Each,Each,Undefined,50m,14,10,0,112,14,167.44,127.68,39.76,10,12:00.0,00:00.0,
617,165,10 mm Anti static bubble wrap (Blue) 10m,Blue,Each,Each,Undefined,10m,14,10,0,26,14,38.87,29.64,9.23,5,12:00.0,00:00.0,
618,166,10 mm Anti static bubble wrap (Blue) 20m,Blue,Each,Each,Undefined,20m,14,10,0,42,14,62.79,47.88,14.91,6,12:00.0,00:00.0,
619,167,10 mm Anti static bubble wrap (Blue) 50m,Blue,Each,Each,Undefined,50m,14,10,0,99,14,148.01,112.86,35.15,10,12:00.0,00:00.0,
620,168,20 mm Anti static bubble wrap (Blue) 10m,Blue,Each,Each,Undefined,10m,14,10,0,29,14,43.36,33.06,10.3,5,12:00.0,00:00.0,
621,169,20 mm Anti static bubble wrap (Blue) 20m,Blue,Each,Each,Undefined,20m,14,10,0,45,14,67.28,51.3,15.98,6,12:00.0,00:00.0,
622,170,20 mm Anti static bubble wrap (Blue) 50m,Blue,Each,Each,Undefined,50m,14,10,0,102,14,152.49,116.28,36.21,10,12:00.0,00:00.0,
623,171,32 mm Anti static bubble wrap (Blue) 10m,Blue,Each,Each,Undefined,10m,14,10,0,32,14,47.84,36.48,11.36,5,12:00.0,00:00.0,
624,172,32 mm Anti static bubble wrap (Blue) 20m,Blue,Each,Each,Undefined,20m,14,10,0,48,14,71.76,54.72,17.04,6,12:00.0,00:00.0,
625,173,32 mm Anti static bubble wrap (Blue) 50m,Blue,Each,Each,Undefined,50m,14,10,0,105,14,156.98,119.7,37.28,10,12:00.0,00:00.0,
626,174,Bubblewrap dispenser (Black) 1.5m,Black,Each,Each,Undefined,1.5m,14,1,0,240,14,358.8,273.6,85.2,10,12:00.0,00:00.0,
627,175,Bubblewrap dispenser (Blue) 1.5m,Blue,Each,Each,Undefined,1.5m,14,1,0,240,14,358.8,273.6,85.2,10,12:00.0,00:00.0,
628,176,Bubblewrap dispenser (Red) 1.5m,Red,Each,Each,Undefined,1.5m,14,1,0,240,14,358.8,273.6,85.2,10,12:00.0,00:00.0,
629,177,Shipping carton (Brown) 413x285x187mm,Unknown,Each,Each,Undefined,413x285x187mm,14,25,0,1.049999952,14,1.57,1.196999946,0.373000054,0.300000012,12:00.0,00:00.0,
630,178,Shipping carton (Brown) 500x310x310mm,Unknown,Each,Each,Undefined,500x310x310mm,14,25,0,2.549999952,14,3.81,2.906999946,0.903000054,0.400000006,12:00.0,00:00.0,
631,179,Shipping carton (Brown) 229x229x229mm,Unknown,Each,Each,Undefined,229x229x229mm,14,25,0,1.049999952,14,1.57,1.196999946,0.373000054,0.300000012,12:00.0,00:00.0,
632,180,Shipping carton (Brown) 279x254x217mm,Unknown,Each,Each,Undefined,279x254x217mm,14,25,0,1.110000014,14,1.66,1.265400016,0.394599984,0.300000012,12:00.0,00:00.0,
633,181,Shipping carton (Brown) 356x229x229mm,Unknown,Each,Each,Undefined,356x229x229mm,14,25,0,1.139999986,14,1.7,1.299599984,0.400400016,0.400000006,12:00.0,00:00.0,
634,182,Shipping carton (Brown) 457x279x279mm,Unknown,Each,Each,Undefined,457x279x279mm,14,25,0,1.279999971,14,1.91,1.459199967,0.450800033,0.400000006,12:00.0,00:00.0,
635,183,Shipping carton (Brown) 480x270x320mm,Unknown,Each,Each,Undefined,480x270x320mm,14,25,0,2.74000001,14,4.1,3.123600011,0.976399989,0.400000006,12:00.0,00:00.0,
636,184,Shipping carton (Brown) 305x305x305mm,Unknown,Each,Each,Undefined,305x305x305mm,14,25,0,3.5,14,5.23,3.99,1.24,0.300000012,12:00.0,00:00.0,
637,185,Shipping carton (Brown) 356x356x279mm,Unknown,Each,Each,Undefined,356x356x279mm,14,25,0,2.039999962,14,3.05,2.325599957,0.724400043,0.300000012,12:00.0,00:00.0,
638,186,Shipping carton (Brown) 457x457x457mm,Unknown,Each,Each,Undefined,457x457x457mm,14,25,0,2.099999905,14,3.14,2.393999891,0.746000109,0.400000006,12:00.0,00:00.0,
639,187,Express post box 5kg (White) 350x280x130mm,Unknown,Each,Each,Undefined,350x280x130mm,14,25,0,0.949999988,14,1.42,1.082999986,0.337000014,0.200000003,12:00.0,00:00.0,
640,188,3 kg Courier post bag (White) 300x190x95mm,Unknown,Each,Each,Undefined,300x190x95mm,14,25,0,0.660000026,14,0.99,0.75240003,0.23759997,0.100000001,12:00.0,00:00.0,
641,189,Clear packaging tape 48mmx75m,Unknown,Each,Each,Undefined,48mmx75m,14,26,0,2.900000095,14,4.34,3.306000109,1.033999891,0.5,12:00.0,00:00.0,
642,190,Clear packaging tape 48mmx100m,Unknown,Each,Each,Undefined,48mmx100m,14,20,0,3.5,14,5.23,3.99,1.24,0.699999988,12:00.0,00:00.0,
643,191,Black and orange fragile despatch tape 48mmx75m,Unknown,Each,Each,Undefined,48mmx75m,14,36,0,3.700000048,14,5.53,4.218000054,1.311999946,0.5,12:00.0,00:00.0,
644,192,Black and orange fragile despatch tape 48mmx100m,Unknown,Each,Each,Undefined,48mmx100m,14,36,0,4.099999905,14,6.13,4.673999891,1.456000109,0.699999988,12:00.0,00:00.0,
645,193,Black and orange glass with care despatch tape 48mmx75m,Unknown,Each,Each,Undefined,48mmx75m,14,24,0,3.700000048,14,5.53,4.218000054,1.311999946,0.5,12:00.0,00:00.0,
646,194,Black and orange glass with care despatch tape 48mmx100m,Unknown,Each,Each,Undefined,48mmx100m,14,24,0,4.099999905,14,6.13,4.673999891,1.456000109,0.699999988,12:00.0,00:00.0,
647,195,Black and orange handle with care despatch tape 48mmx75m,Unknown,Each,Each,Undefined,48mmx75m,14,24,0,3.700000048,14,5.53,4.218000054,1.311999946,0.5,12:00.0,00:00.0,
648,196,Black and orange handle with care despatch tape 48mmx100m,Unknown,Each,Each,Undefined,48mmx100m,14,24,0,4.099999905,14,6.13,4.673999891,1.456000109,0.699999988,12:00.0,00:00.0,
649,197,Black and orange this way up despatch tape 48mmx75m,Unknown,Each,Each,Undefined,48mmx75m,14,24,0,3.700000048,14,5.53,4.218000054,1.311999946,0.5,12:00.0,00:00.0,
650,198,Black and orange this way up despatch tape 48mmx100m,Unknown,Each,Each,Undefined,48mmx100m,14,24,0,4.099999905,14,6.13,4.673999891,1.456000109,0.699999988,12:00.0,00:00.0,
651,199,Black and yellow heavy despatch tape 48mmx75m,Unknown,Each,Each,Undefined,48mmx75m,14,24,0,3.700000048,14,5.53,4.218000054,1.311999946,0.5,12:00.0,00:00.0,
652,200,Black and yellow heavy despatch tape 48mmx100m,Unknown,Each,Each,Undefined,48mmx100m,14,24,0,4.099999905,14,6.13,4.673999891,1.456000109,0.699999988,12:00.0,00:00.0,
653,201,Red and white urgent despatch tape 48mmx75m,Unknown,Each,Each,Undefined,48mmx75m,14,24,0,3.700000048,14,5.53,4.218000054,1.311999946,0.5,12:00.0,00:00.0,
654,202,Red and white urgent heavy despatch tape 48mmx100m,Unknown,Each,Each,Undefined,48mmx100m,14,24,0,4.099999905,14,6.13,4.673999891,1.456000109,0.699999988,12:00.0,00:00.0,
655,203,Tape dispenser (Black),Unknown,Each,Each,Undefined,Undefined,20,10,0,32,20,47.84,38.4,9.44,1,12:00.0,00:00.0,
656,204,Tape dispenser (Red),Unknown,Each,Each,Undefined,Undefined,20,10,0,32,20,47.84,38.4,9.44,1,12:00.0,00:00.0,
657,205,Tape dispenser (Blue),Unknown,Each,Each,Undefined,Undefined,20,10,0,32,20,47.84,38.4,9.44,1,12:00.0,00:00.0,
658,206,Permanent marker black 5mm nib (Black) 5mm,Unknown,Each,Each,Undefined,5mm,14,12,0,2.700000048,14,4.04,3.078000054,0.961999946,0.100000001,12:00.0,00:00.0,
659,207,Permanent marker blue 5mm nib (Blue) 5mm,Unknown,Each,Each,Undefined,5mm,14,12,0,2.700000048,14,4.04,3.078000054,0.961999946,0.100000001,12:00.0,00:00.0,
660,208,Permanent marker red 5mm nib (Red) 5mm,Unknown,Each,Each,Undefined,5mm,14,12,0,2.700000048,14,4.04,3.078000054,0.961999946,0.100000001,12:00.0,00:00.0,
661,209,Packing knife with metal insert blade (Yellow) 9mm,Unknown,Each,Each,Undefined,9mm,14,5,0,1.889999986,14,2.83,2.154599984,0.675400016,0.5,12:00.0,00:00.0,
662,210,Packing knife with metal insert blade (Yellow) 18mm,Unknown,Each,Each,Undefined,18mm,14,5,0,2.400000095,14,3.59,2.736000109,0.853999891,0.5,12:00.0,00:00.0,
663,211,Small 9mm replacement blades 9mm,Unknown,Each,Each,Undefined,9mm,14,10,0,4.099999905,14,6.13,4.673999891,1.456000109,0.699999988,12:00.0,00:00.0,
664,212,Large replacement blades 18mm,Unknown,Each,Each,Undefined,18mm,14,10,0,4.300000191,14,6.43,4.902000217,1.527999783,0.800000012,12:00.0,00:00.0,
665,213,Air cushion film 200mmx100mm 325m,Unknown,Each,Each,Undefined,325m,14,1,0,87,14,130.07,99.18,30.89,5,12:00.0,00:00.0,
666,214,Air cushion film 200mmx200mm 325m,Unknown,Each,Each,Undefined,325m,14,1,0,90,14,134.55,102.6,31.95,6,12:00.0,00:00.0,
667,215,Air cushion machine (Blue),Unknown,Each,Each,Undefined,Undefined,20,1,0,1899,20,2839.01,2278.8,560.21,10,12:00.0,00:00.0,
668,216,Void fill 100 L bag (White) 100L,Unknown,Each,Each,Undefined,100L,14,10,0,12.5,14,18.69,14.25,4.44,0.25,12:00.0,00:00.0,
669,217,Void fill 200 L bag (White) 200L,Unknown,Each,Each,Undefined,200L,14,10,0,25,14,37.38,28.5,8.88,0.5,12:00.0,00:00.0,
670,218,Void fill 300 L bag (White) 300L,Unknown,Each,Each,Undefined,300L,14,10,0,37.5,14,56.06,42.75,13.31,0.75,12:00.0,00:00.0,
671,219,Void fill 400 L bag (White) 400L,Unknown,Each,Each,Undefined,400L,14,10,0,50,14,74.75,57,17.75,1,12:00.0,00:00.0,
,,,,,,,,,,,,,,,,,,,
,,,,,,,,,,,,,,,,,,,
